ref,room_ref,start_date,end_date,number_of_guests
b#1,room#1,2012-06-01,2012-06-07,1
b#2,room#3,2012-06-01,2012-06-07,2
b#3,room#5,2012-06-01,2012-06-07,1
b#4,room#7,2012-06-01,2012-06-07,2
b#5,room#9,2012-06-01,2012-06-07,1
b#6,room#11,2012-06-01,2012-06-07,2
b#7,room#13,2012-06-01,2012-06-07,1
b#8,room#15,2012-06-01,2012-06-07,2
b#9,room#17,2012-06-01,2012-06-07,1
b#10,room#19,2012-06-01,2012-06-07,2
b#11,room#21,2012-06-01,2012-06-07,1
b#12,room#23,2012-06-01,2012-06-07,2
b#13,room#25,2012-06-01,2012-06-07,1
b#14,room#27,2012-06-01,2012-06-07,2
b#15,room#29,2012-06-01,2012-06-07,1
b#16,room#31,2012-06-01,2012-06-07,2
b#17,room#33,2012-06-01,2012-06-07,1
b#18,room#35,2012-06-01,2012-06-07,2
b#19,room#37,2012-06-01,2012-06-07,1
b#20,room#39,2012-06-01,2012-06-07,2
b#21,room#41,2012-06-01,2012-06-07,1
b#22,room#43,2012-06-01,2012-06-07,2
b#23,room#45,2012-06-01,2012-06-07,1
b#24,room#47,2012-06-01,2012-06-07,2
b#25,room#49,2012-06-01,2012-06-07,1
b#26,room#51,2012-06-01,2012-06-07,2
b#27,room#53,2012-06-01,2012-06-07,1
b#28,room#55,2012-06-01,2012-06-07,2
b#29,room#57,2012-06-01,2012-06-07,1
b#30,room#59,2012-06-01,2012-06-07,2
b#31,room#61,2012-06-01,2012-06-07,1
b#32,room#63,2012-06-01,2012-06-07,2
b#33,room#65,2012-06-01,2012-06-07,1
b#34,room#67,2012-06-01,2012-06-07,2
b#35,room#69,2012-06-01,2012-06-07,1
b#36,room#71,2012-06-01,2012-06-07,2
b#37,room#73,2012-06-01,2012-06-07,1
b#38,room#75,2012-06-01,2012-06-07,2
b#39,room#77,2012-06-01,2012-06-07,1
b#40,room#79,2012-06-01,2012-06-07,2
b#41,room#81,2012-06-01,2012-06-07,1
b#42,room#83,2012-06-01,2012-06-07,2
b#43,room#85,2012-06-01,2012-06-07,1
b#44,room#87,2012-06-01,2012-06-07,2
b#45,room#89,2012-06-01,2012-06-07,1
b#46,room#91,2012-06-01,2012-06-07,2
b#47,room#93,2012-06-01,2012-06-07,1
b#48,room#95,2012-06-01,2012-06-07,2
b#49,room#97,2012-06-01,2012-06-07,1
b#50,room#99,2012-06-01,2012-06-07,2
b#51,room#101,2012-06-01,2012-06-07,1
b#52,room#103,2012-06-01,2012-06-07,2
b#53,room#105,2012-06-01,2012-06-07,1
b#54,room#107,2012-06-01,2012-06-07,2
b#55,room#109,2012-06-01,2012-06-07,1
b#56,room#111,2012-06-01,2012-06-07,2
b#57,room#113,2012-06-01,2012-06-07,1
b#58,room#115,2012-06-01,2012-06-07,2
b#59,room#117,2012-06-01,2012-06-07,1
b#60,room#119,2012-06-01,2012-06-07,2
b#61,room#121,2012-06-01,2012-06-07,1
b#62,room#123,2012-06-01,2012-06-07,2
b#63,room#125,2012-06-01,2012-06-07,1
b#64,room#127,2012-06-01,2012-06-07,2
b#65,room#129,2012-06-01,2012-06-07,1
b#66,room#131,2012-06-01,2012-06-07,2
b#67,room#133,2012-06-01,2012-06-07,1
b#68,room#135,2012-06-01,2012-06-07,2
b#69,room#137,2012-06-01,2012-06-07,1
b#70,room#139,2012-06-01,2012-06-07,2
b#71,room#141,2012-06-01,2012-06-07,1
b#72,room#143,2012-06-01,2012-06-07,2
b#73,room#145,2012-06-01,2012-06-07,1
b#74,room#147,2012-06-01,2012-06-07,2
b#75,room#149,2012-06-01,2012-06-07,1
b#76,room#151,2012-06-01,2012-06-07,2
b#77,room#153,2012-06-01,2012-06-07,1
b#78,room#155,2012-06-01,2012-06-07,2
b#79,room#157,2012-06-01,2012-06-07,1
b#80,room#159,2012-06-01,2012-06-07,2
b#81,room#161,2012-06-01,2012-06-07,1
b#82,room#163,2012-06-01,2012-06-07,2
b#83,room#165,2012-06-01,2012-06-07,1
b#84,room#167,2012-06-01,2012-06-07,2
b#85,room#169,2012-06-01,2012-06-07,1
b#86,room#171,2012-06-01,2012-06-07,2
b#87,room#173,2012-06-01,2012-06-07,1
b#88,room#175,2012-06-01,2012-06-07,2
b#89,room#177,2012-06-01,2012-06-07,1
b#90,room#179,2012-06-01,2012-06-07,2
b#91,room#181,2012-06-01,2012-06-07,1
b#92,room#183,2012-06-01,2012-06-07,2
b#93,room#185,2012-06-01,2012-06-07,1
b#94,room#187,2012-06-01,2012-06-07,2
b#95,room#189,2012-06-01,2012-06-07,1
b#96,room#191,2012-06-01,2012-06-07,2
b#97,room#193,2012-06-01,2012-06-07,1
b#98,room#195,2012-06-01,2012-06-07,2
b#99,room#197,2012-06-01,2012-06-07,1
b#100,room#199,2012-06-01,2012-06-07,2
b#101,room#201,2012-06-01,2012-06-07,1
b#102,room#203,2012-06-01,2012-06-07,2
b#103,room#205,2012-06-01,2012-06-07,1
b#104,room#207,2012-06-01,2012-06-07,2
b#105,room#209,2012-06-01,2012-06-07,1
b#106,room#211,2012-06-01,2012-06-07,2
b#107,room#213,2012-06-01,2012-06-07,1
b#108,room#215,2012-06-01,2012-06-07,2
b#109,room#217,2012-06-01,2012-06-07,1
b#110,room#219,2012-06-01,2012-06-07,2
b#111,room#221,2012-06-01,2012-06-07,1
b#112,room#223,2012-06-01,2012-06-07,2
b#113,room#225,2012-06-01,2012-06-07,1
b#114,room#227,2012-06-01,2012-06-07,2
b#115,room#229,2012-06-01,2012-06-07,1
b#116,room#231,2012-06-01,2012-06-07,2
b#117,room#233,2012-06-01,2012-06-07,1
b#118,room#235,2012-06-01,2012-06-07,2
b#119,room#237,2012-06-01,2012-06-07,1
b#120,room#239,2012-06-01,2012-06-07,2
b#121,room#241,2012-06-01,2012-06-07,1
b#122,room#243,2012-06-01,2012-06-07,2
b#123,room#245,2012-06-01,2012-06-07,1
b#124,room#247,2012-06-01,2012-06-07,2
b#125,room#249,2012-06-01,2012-06-07,1
b#126,room#251,2012-06-01,2012-06-07,2
b#127,room#253,2012-06-01,2012-06-07,1
b#128,room#255,2012-06-01,2012-06-07,2
b#129,room#257,2012-06-01,2012-06-07,1
b#130,room#259,2012-06-01,2012-06-07,2
b#131,room#261,2012-06-01,2012-06-07,1
b#132,room#263,2012-06-01,2012-06-07,2
b#133,room#265,2012-06-01,2012-06-07,1
b#134,room#267,2012-06-01,2012-06-07,2
b#135,room#269,2012-06-01,2012-06-07,1
b#136,room#271,2012-06-01,2012-06-07,2
b#137,room#273,2012-06-01,2012-06-07,1
b#138,room#275,2012-06-01,2012-06-07,2
b#139,room#277,2012-06-01,2012-06-07,1
b#140,room#279,2012-06-01,2012-06-07,2
b#141,room#281,2012-06-01,2012-06-07,1
b#142,room#283,2012-06-01,2012-06-07,2
b#143,room#285,2012-06-01,2012-06-07,1
b#144,room#287,2012-06-01,2012-06-07,2
b#145,room#289,2012-06-01,2012-06-07,1
b#146,room#291,2012-06-01,2012-06-07,2
b#147,room#293,2012-06-01,2012-06-07,1
b#148,room#295,2012-06-01,2012-06-07,2
b#149,room#297,2012-06-01,2012-06-07,1
b#150,room#299,2012-06-01,2012-06-07,2
b#151,room#301,2012-06-01,2012-06-07,1
b#152,room#303,2012-06-01,2012-06-07,2
b#153,room#305,2012-06-01,2012-06-07,1
b#154,room#307,2012-06-01,2012-06-07,2
b#155,room#309,2012-06-01,2012-06-07,1
b#156,room#311,2012-06-01,2012-06-07,2
b#157,room#313,2012-06-01,2012-06-07,1
b#158,room#315,2012-06-01,2012-06-07,2
b#159,room#317,2012-06-01,2012-06-07,1
b#160,room#319,2012-06-01,2012-06-07,2
b#161,room#321,2012-06-01,2012-06-07,1
b#162,room#323,2012-06-01,2012-06-07,2
b#163,room#325,2012-06-01,2012-06-07,1
b#164,room#327,2012-06-01,2012-06-07,2
b#165,room#329,2012-06-01,2012-06-07,1
b#166,room#331,2012-06-01,2012-06-07,2
b#167,room#333,2012-06-01,2012-06-07,1
b#168,room#335,2012-06-01,2012-06-07,2
b#169,room#337,2012-06-01,2012-06-07,1
b#170,room#339,2012-06-01,2012-06-07,2
b#171,room#341,2012-06-01,2012-06-07,1
b#172,room#343,2012-06-01,2012-06-07,2
b#173,room#345,2012-06-01,2012-06-07,1
b#174,room#347,2012-06-01,2012-06-07,2
b#175,room#349,2012-06-01,2012-06-07,1
b#176,room#351,2012-06-01,2012-06-07,2
b#177,room#353,2012-06-01,2012-06-07,1
b#178,room#355,2012-06-01,2012-06-07,2
b#179,room#357,2012-06-01,2012-06-07,1
b#180,room#359,2012-06-01,2012-06-07,2
b#181,room#361,2012-06-01,2012-06-07,1
b#182,room#363,2012-06-01,2012-06-07,2
b#183,room#365,2012-06-01,2012-06-07,1
b#184,room#367,2012-06-01,2012-06-07,2
b#185,room#369,2012-06-01,2012-06-07,1
b#186,room#371,2012-06-01,2012-06-07,2
b#187,room#373,2012-06-01,2012-06-07,1
b#188,room#375,2012-06-01,2012-06-07,2
b#189,room#377,2012-06-01,2012-06-07,1
b#190,room#379,2012-06-01,2012-06-07,2
b#191,room#381,2012-06-01,2012-06-07,1
b#192,room#383,2012-06-01,2012-06-07,2
b#193,room#385,2012-06-01,2012-06-07,1
b#194,room#387,2012-06-01,2012-06-07,2
b#195,room#389,2012-06-01,2012-06-07,1
b#196,room#391,2012-06-01,2012-06-07,2
b#197,room#393,2012-06-01,2012-06-07,1
b#198,room#395,2012-06-01,2012-06-07,2
b#199,room#397,2012-06-01,2012-06-07,1
b#200,room#399,2012-06-01,2012-06-07,2
b#201,room#401,2012-06-01,2012-06-07,1
b#202,room#403,2012-06-01,2012-06-07,2
b#203,room#405,2012-06-01,2012-06-07,1
b#204,room#407,2012-06-01,2012-06-07,2
b#205,room#409,2012-06-01,2012-06-07,1
b#206,room#411,2012-06-01,2012-06-07,2
b#207,room#413,2012-06-01,2012-06-07,1
b#208,room#415,2012-06-01,2012-06-07,2
b#209,room#417,2012-06-01,2012-06-07,1
b#210,room#419,2012-06-01,2012-06-07,2
b#211,room#421,2012-06-01,2012-06-07,1
b#212,room#423,2012-06-01,2012-06-07,2
b#213,room#425,2012-06-01,2012-06-07,1
b#214,room#427,2012-06-01,2012-06-07,2
b#215,room#429,2012-06-01,2012-06-07,1
b#216,room#431,2012-06-01,2012-06-07,2
b#217,room#433,2012-06-01,2012-06-07,1
b#218,room#435,2012-06-01,2012-06-07,2
b#219,room#437,2012-06-01,2012-06-07,1
b#220,room#439,2012-06-01,2012-06-07,2
b#221,room#441,2012-06-01,2012-06-07,1
b#222,room#443,2012-06-01,2012-06-07,2
b#223,room#445,2012-06-01,2012-06-07,1
b#224,room#447,2012-06-01,2012-06-07,2
b#225,room#449,2012-06-01,2012-06-07,1
b#226,room#451,2012-06-01,2012-06-07,2
b#227,room#453,2012-06-01,2012-06-07,1
b#228,room#455,2012-06-01,2012-06-07,2
b#229,room#457,2012-06-01,2012-06-07,1
b#230,room#459,2012-06-01,2012-06-07,2
b#231,room#461,2012-06-01,2012-06-07,1
b#232,room#463,2012-06-01,2012-06-07,2
b#233,room#465,2012-06-01,2012-06-07,1
b#234,room#467,2012-06-01,2012-06-07,2
b#235,room#469,2012-06-01,2012-06-07,1
b#236,room#471,2012-06-01,2012-06-07,2
b#237,room#473,2012-06-01,2012-06-07,1
b#238,room#475,2012-06-01,2012-06-07,2
b#239,room#477,2012-06-01,2012-06-07,1
b#240,room#479,2012-06-01,2012-06-07,2
b#241,room#481,2012-06-01,2012-06-07,1
b#242,room#483,2012-06-01,2012-06-07,2
b#243,room#485,2012-06-01,2012-06-07,1
b#244,room#487,2012-06-01,2012-06-07,2
b#245,room#489,2012-06-01,2012-06-07,1
b#246,room#491,2012-06-01,2012-06-07,2
b#247,room#493,2012-06-01,2012-06-07,1
b#248,room#495,2012-06-01,2012-06-07,2
b#249,room#497,2012-06-01,2012-06-07,1
b#250,room#499,2012-06-01,2012-06-07,2
b#251,room#501,2012-06-01,2012-06-07,1
b#252,room#503,2012-06-01,2012-06-07,2
b#253,room#505,2012-06-01,2012-06-07,1
b#254,room#507,2012-06-01,2012-06-07,2
b#255,room#509,2012-06-01,2012-06-07,1
b#256,room#511,2012-06-01,2012-06-07,2
b#257,room#513,2012-06-01,2012-06-07,1
b#258,room#515,2012-06-01,2012-06-07,2
b#259,room#517,2012-06-01,2012-06-07,1
b#260,room#519,2012-06-01,2012-06-07,2
b#261,room#521,2012-06-01,2012-06-07,1
b#262,room#523,2012-06-01,2012-06-07,2
b#263,room#525,2012-06-01,2012-06-07,1
b#264,room#527,2012-06-01,2012-06-07,2
b#265,room#529,2012-06-01,2012-06-07,1
b#266,room#531,2012-06-01,2012-06-07,2
b#267,room#533,2012-06-01,2012-06-07,1
b#268,room#535,2012-06-01,2012-06-07,2
b#269,room#537,2012-06-01,2012-06-07,1
b#270,room#539,2012-06-01,2012-06-07,2
b#271,room#541,2012-06-01,2012-06-07,1
b#272,room#543,2012-06-01,2012-06-07,2
b#273,room#545,2012-06-01,2012-06-07,1
b#274,room#547,2012-06-01,2012-06-07,2
b#275,room#549,2012-06-01,2012-06-07,1
b#276,room#551,2012-06-01,2012-06-07,2
b#277,room#553,2012-06-01,2012-06-07,1
b#278,room#555,2012-06-01,2012-06-07,2
b#279,room#557,2012-06-01,2012-06-07,1
b#280,room#559,2012-06-01,2012-06-07,2
b#281,room#561,2012-06-01,2012-06-07,1
b#282,room#563,2012-06-01,2012-06-07,2
b#283,room#565,2012-06-01,2012-06-07,1
b#284,room#567,2012-06-01,2012-06-07,2
b#285,room#569,2012-06-01,2012-06-07,1
b#286,room#571,2012-06-01,2012-06-07,2
b#287,room#573,2012-06-01,2012-06-07,1
b#288,room#575,2012-06-01,2012-06-07,2
b#289,room#577,2012-06-01,2012-06-07,1
b#290,room#579,2012-06-01,2012-06-07,2
b#291,room#581,2012-06-01,2012-06-07,1
b#292,room#583,2012-06-01,2012-06-07,2
b#293,room#585,2012-06-01,2012-06-07,1
b#294,room#587,2012-06-01,2012-06-07,2
b#295,room#589,2012-06-01,2012-06-07,1
b#296,room#591,2012-06-01,2012-06-07,2
b#297,room#593,2012-06-01,2012-06-07,1
b#298,room#595,2012-06-01,2012-06-07,2
b#299,room#597,2012-06-01,2012-06-07,1
b#300,room#599,2012-06-01,2012-06-07,2
b#301,room#601,2012-06-01,2012-06-07,1
b#302,room#603,2012-06-01,2012-06-07,2
b#303,room#605,2012-06-01,2012-06-07,1
b#304,room#607,2012-06-01,2012-06-07,2
b#305,room#609,2012-06-01,2012-06-07,1
b#306,room#611,2012-06-01,2012-06-07,2
b#307,room#613,2012-06-01,2012-06-07,1
b#308,room#615,2012-06-01,2012-06-07,2
b#309,room#617,2012-06-01,2012-06-07,1
b#310,room#619,2012-06-01,2012-06-07,2
b#311,room#621,2012-06-01,2012-06-07,1
b#312,room#623,2012-06-01,2012-06-07,2
b#313,room#625,2012-06-01,2012-06-07,1
b#314,room#627,2012-06-01,2012-06-07,2
b#315,room#629,2012-06-01,2012-06-07,1
b#316,room#631,2012-06-01,2012-06-07,2
b#317,room#633,2012-06-01,2012-06-07,1
b#318,room#635,2012-06-01,2012-06-07,2
b#319,room#637,2012-06-01,2012-06-07,1
b#320,room#639,2012-06-01,2012-06-07,2
b#321,room#641,2012-06-01,2012-06-07,1
b#322,room#643,2012-06-01,2012-06-07,2
b#323,room#645,2012-06-01,2012-06-07,1
b#324,room#647,2012-06-01,2012-06-07,2
b#325,room#649,2012-06-01,2012-06-07,1
b#326,room#651,2012-06-01,2012-06-07,2
b#327,room#653,2012-06-01,2012-06-07,1
b#328,room#655,2012-06-01,2012-06-07,2
b#329,room#657,2012-06-01,2012-06-07,1
b#330,room#659,2012-06-01,2012-06-07,2
b#331,room#661,2012-06-01,2012-06-07,1
b#332,room#663,2012-06-01,2012-06-07,2
b#333,room#665,2012-06-01,2012-06-07,1
b#334,room#667,2012-06-01,2012-06-07,2
b#335,room#669,2012-06-01,2012-06-07,1
b#336,room#671,2012-06-01,2012-06-07,2
b#337,room#673,2012-06-01,2012-06-07,1
b#338,room#675,2012-06-01,2012-06-07,2
b#339,room#677,2012-06-01,2012-06-07,1
b#340,room#679,2012-06-01,2012-06-07,2
b#341,room#681,2012-06-01,2012-06-07,1
b#342,room#683,2012-06-01,2012-06-07,2
b#343,room#685,2012-06-01,2012-06-07,1
b#344,room#687,2012-06-01,2012-06-07,2
b#345,room#689,2012-06-01,2012-06-07,1
b#346,room#691,2012-06-01,2012-06-07,2
b#347,room#693,2012-06-01,2012-06-07,1
b#348,room#695,2012-06-01,2012-06-07,2
b#349,room#697,2012-06-01,2012-06-07,1
b#350,room#699,2012-06-01,2012-06-07,2
b#351,room#701,2012-06-01,2012-06-07,1
b#352,room#703,2012-06-01,2012-06-07,2
b#353,room#705,2012-06-01,2012-06-07,1
b#354,room#707,2012-06-01,2012-06-07,2
b#355,room#709,2012-06-01,2012-06-07,1
b#356,room#711,2012-06-01,2012-06-07,2
b#357,room#713,2012-06-01,2012-06-07,1
b#358,room#715,2012-06-01,2012-06-07,2
b#359,room#717,2012-06-01,2012-06-07,1
b#360,room#719,2012-06-01,2012-06-07,2
b#361,room#721,2012-06-01,2012-06-07,1
b#362,room#723,2012-06-01,2012-06-07,2
b#363,room#725,2012-06-01,2012-06-07,1
b#364,room#727,2012-06-01,2012-06-07,2
b#365,room#729,2012-06-01,2012-06-07,1
b#366,room#731,2012-06-01,2012-06-07,2
b#367,room#733,2012-06-01,2012-06-07,1
b#368,room#735,2012-06-01,2012-06-07,2
b#369,room#737,2012-06-01,2012-06-07,1
b#370,room#739,2012-06-01,2012-06-07,2
b#371,room#741,2012-06-01,2012-06-07,1
b#372,room#743,2012-06-01,2012-06-07,2
b#373,room#745,2012-06-01,2012-06-07,1
b#374,room#747,2012-06-01,2012-06-07,2
b#375,room#749,2012-06-01,2012-06-07,1
b#376,room#751,2012-06-01,2012-06-07,2
b#377,room#753,2012-06-01,2012-06-07,1
b#378,room#755,2012-06-01,2012-06-07,2
b#379,room#757,2012-06-01,2012-06-07,1
b#380,room#759,2012-06-01,2012-06-07,2
b#381,room#761,2012-06-01,2012-06-07,1
b#382,room#763,2012-06-01,2012-06-07,2
b#383,room#765,2012-06-01,2012-06-07,1
b#384,room#767,2012-06-01,2012-06-07,2
b#385,room#769,2012-06-01,2012-06-07,1
b#386,room#771,2012-06-01,2012-06-07,2
b#387,room#773,2012-06-01,2012-06-07,1
b#388,room#775,2012-06-01,2012-06-07,2
b#389,room#777,2012-06-01,2012-06-07,1
b#390,room#779,2012-06-01,2012-06-07,2
b#391,room#781,2012-06-01,2012-06-07,1
b#392,room#783,2012-06-01,2012-06-07,2
b#393,room#785,2012-06-01,2012-06-07,1
b#394,room#787,2012-06-01,2012-06-07,2
b#395,room#789,2012-06-01,2012-06-07,1
b#396,room#791,2012-06-01,2012-06-07,2
b#397,room#793,2012-06-01,2012-06-07,1
b#398,room#795,2012-06-01,2012-06-07,2
b#399,room#797,2012-06-01,2012-06-07,1
b#400,room#799,2012-06-01,2012-06-07,2
b#401,room#801,2012-06-01,2012-06-07,1
b#402,room#803,2012-06-01,2012-06-07,2
b#403,room#805,2012-06-01,2012-06-07,1
b#404,room#807,2012-06-01,2012-06-07,2
b#405,room#809,2012-06-01,2012-06-07,1
b#406,room#811,2012-06-01,2012-06-07,2
b#407,room#813,2012-06-01,2012-06-07,1
b#408,room#815,2012-06-01,2012-06-07,2
b#409,room#817,2012-06-01,2012-06-07,1
b#410,room#819,2012-06-01,2012-06-07,2
b#411,room#821,2012-06-01,2012-06-07,1
b#412,room#823,2012-06-01,2012-06-07,2
b#413,room#825,2012-06-01,2012-06-07,1
b#414,room#827,2012-06-01,2012-06-07,2
b#415,room#829,2012-06-01,2012-06-07,1
b#416,room#831,2012-06-01,2012-06-07,2
b#417,room#833,2012-06-01,2012-06-07,1
b#418,room#835,2012-06-01,2012-06-07,2
b#419,room#837,2012-06-01,2012-06-07,1
b#420,room#839,2012-06-01,2012-06-07,2
b#421,room#841,2012-06-01,2012-06-07,1
b#422,room#843,2012-06-01,2012-06-07,2
b#423,room#845,2012-06-01,2012-06-07,1
b#424,room#847,2012-06-01,2012-06-07,2
b#425,room#849,2012-06-01,2012-06-07,1
b#426,room#851,2012-06-01,2012-06-07,2
b#427,room#853,2012-06-01,2012-06-07,1
b#428,room#855,2012-06-01,2012-06-07,2
b#429,room#857,2012-06-01,2012-06-07,1
b#430,room#859,2012-06-01,2012-06-07,2
b#431,room#861,2012-06-01,2012-06-07,1
b#432,room#863,2012-06-01,2012-06-07,2
b#433,room#865,2012-06-01,2012-06-07,1
b#434,room#867,2012-06-01,2012-06-07,2
b#435,room#869,2012-06-01,2012-06-07,1
b#436,room#871,2012-06-01,2012-06-07,2
b#437,room#873,2012-06-01,2012-06-07,1
b#438,room#875,2012-06-01,2012-06-07,2
b#439,room#877,2012-06-01,2012-06-07,1
b#440,room#879,2012-06-01,2012-06-07,2
b#441,room#881,2012-06-01,2012-06-07,1
b#442,room#883,2012-06-01,2012-06-07,2
b#443,room#885,2012-06-01,2012-06-07,1
b#444,room#887,2012-06-01,2012-06-07,2
b#445,room#889,2012-06-01,2012-06-07,1
b#446,room#891,2012-06-01,2012-06-07,2
b#447,room#893,2012-06-01,2012-06-07,1
b#448,room#895,2012-06-01,2012-06-07,2
b#449,room#897,2012-06-01,2012-06-07,1
b#450,room#899,2012-06-01,2012-06-07,2
b#451,room#901,2012-06-01,2012-06-07,1
b#452,room#903,2012-06-01,2012-06-07,2
b#453,room#905,2012-06-01,2012-06-07,1
b#454,room#907,2012-06-01,2012-06-07,2
b#455,room#909,2012-06-01,2012-06-07,1
b#456,room#911,2012-06-01,2012-06-07,2
b#457,room#913,2012-06-01,2012-06-07,1
b#458,room#915,2012-06-01,2012-06-07,2
b#459,room#917,2012-06-01,2012-06-07,1
b#460,room#919,2012-06-01,2012-06-07,2
b#461,room#921,2012-06-01,2012-06-07,1
b#462,room#923,2012-06-01,2012-06-07,2
b#463,room#925,2012-06-01,2012-06-07,1
b#464,room#927,2012-06-01,2012-06-07,2
b#465,room#929,2012-06-01,2012-06-07,1
b#466,room#931,2012-06-01,2012-06-07,2
b#467,room#933,2012-06-01,2012-06-07,1
b#468,room#935,2012-06-01,2012-06-07,2
b#469,room#937,2012-06-01,2012-06-07,1
b#470,room#939,2012-06-01,2012-06-07,2
b#471,room#941,2012-06-01,2012-06-07,1
b#472,room#943,2012-06-01,2012-06-07,2
b#473,room#945,2012-06-01,2012-06-07,1
b#474,room#947,2012-06-01,2012-06-07,2
b#475,room#949,2012-06-01,2012-06-07,1
b#476,room#951,2012-06-01,2012-06-07,2
b#477,room#953,2012-06-01,2012-06-07,1
b#478,room#955,2012-06-01,2012-06-07,2
b#479,room#957,2012-06-01,2012-06-07,1
b#480,room#959,2012-06-01,2012-06-07,2
b#481,room#961,2012-06-01,2012-06-07,1
b#482,room#963,2012-06-01,2012-06-07,2
b#483,room#965,2012-06-01,2012-06-07,1
b#484,room#967,2012-06-01,2012-06-07,2
b#485,room#969,2012-06-01,2012-06-07,1
b#486,room#971,2012-06-01,2012-06-07,2
b#487,room#973,2012-06-01,2012-06-07,1
b#488,room#975,2012-06-01,2012-06-07,2
b#489,room#977,2012-06-01,2012-06-07,1
b#490,room#979,2012-06-01,2012-06-07,2
b#491,room#981,2012-06-01,2012-06-07,1
b#492,room#983,2012-06-01,2012-06-07,2
b#493,room#985,2012-06-01,2012-06-07,1
b#494,room#987,2012-06-01,2012-06-07,2
b#495,room#989,2012-06-01,2012-06-07,1
b#496,room#991,2012-06-01,2012-06-07,2
b#497,room#993,2012-06-01,2012-06-07,1
b#498,room#995,2012-06-01,2012-06-07,2
b#499,room#997,2012-06-01,2012-06-07,1
b#500,room#999,2012-06-01,2012-06-07,2
b#501,room#1001,2012-06-01,2012-06-07,1
b#502,room#1003,2012-06-01,2012-06-07,2
b#503,room#1005,2012-06-01,2012-06-07,1
b#504,room#1007,2012-06-01,2012-06-07,2
b#505,room#1009,2012-06-01,2012-06-07,1
b#506,room#1011,2012-06-01,2012-06-07,2
b#507,room#1013,2012-06-01,2012-06-07,1
b#508,room#1015,2012-06-01,2012-06-07,2
b#509,room#1017,2012-06-01,2012-06-07,1
b#510,room#1019,2012-06-01,2012-06-07,2
b#511,room#1021,2012-06-01,2012-06-07,1
b#512,room#1023,2012-06-01,2012-06-07,2
b#513,room#1025,2012-06-01,2012-06-07,1
b#514,room#1027,2012-06-01,2012-06-07,2
b#515,room#1029,2012-06-01,2012-06-07,1
b#516,room#1031,2012-06-01,2012-06-07,2
b#517,room#1033,2012-06-01,2012-06-07,1
b#518,room#1035,2012-06-01,2012-06-07,2
b#519,room#1037,2012-06-01,2012-06-07,1
b#520,room#1039,2012-06-01,2012-06-07,2
b#521,room#1041,2012-06-01,2012-06-07,1
b#522,room#1043,2012-06-01,2012-06-07,2
b#523,room#1045,2012-06-01,2012-06-07,1
b#524,room#1047,2012-06-01,2012-06-07,2
b#525,room#1049,2012-06-01,2012-06-07,1
b#526,room#1051,2012-06-01,2012-06-07,2
b#527,room#1053,2012-06-01,2012-06-07,1
b#528,room#1055,2012-06-01,2012-06-07,2
b#529,room#1057,2012-06-01,2012-06-07,1
b#530,room#1059,2012-06-01,2012-06-07,2
b#531,room#1061,2012-06-01,2012-06-07,1
b#532,room#1063,2012-06-01,2012-06-07,2
b#533,room#1065,2012-06-01,2012-06-07,1
b#534,room#1067,2012-06-01,2012-06-07,2
b#535,room#1069,2012-06-01,2012-06-07,1
b#536,room#1071,2012-06-01,2012-06-07,2
b#537,room#1073,2012-06-01,2012-06-07,1
b#538,room#1075,2012-06-01,2012-06-07,2
b#539,room#1077,2012-06-01,2012-06-07,1
b#540,room#1079,2012-06-01,2012-06-07,2
b#541,room#1081,2012-06-01,2012-06-07,1
b#542,room#1083,2012-06-01,2012-06-07,2
b#543,room#1085,2012-06-01,2012-06-07,1
b#544,room#1087,2012-06-01,2012-06-07,2
b#545,room#1089,2012-06-01,2012-06-07,1
b#546,room#1091,2012-06-01,2012-06-07,2
b#547,room#1093,2012-06-01,2012-06-07,1
b#548,room#1095,2012-06-01,2012-06-07,2
b#549,room#1097,2012-06-01,2012-06-07,1
b#550,room#1099,2012-06-01,2012-06-07,2
b#551,room#1101,2012-06-01,2012-06-07,1
b#552,room#1103,2012-06-01,2012-06-07,2
b#553,room#1105,2012-06-01,2012-06-07,1
b#554,room#1107,2012-06-01,2012-06-07,2
b#555,room#1109,2012-06-01,2012-06-07,1
b#556,room#1111,2012-06-01,2012-06-07,2
b#557,room#1113,2012-06-01,2012-06-07,1
b#558,room#1115,2012-06-01,2012-06-07,2
b#559,room#1117,2012-06-01,2012-06-07,1
b#560,room#1119,2012-06-01,2012-06-07,2
b#561,room#1121,2012-06-01,2012-06-07,1
b#562,room#1123,2012-06-01,2012-06-07,2
b#563,room#1125,2012-06-01,2012-06-07,1
b#564,room#1127,2012-06-01,2012-06-07,2
b#565,room#1129,2012-06-01,2012-06-07,1
b#566,room#1131,2012-06-01,2012-06-07,2
b#567,room#1133,2012-06-01,2012-06-07,1
b#568,room#1135,2012-06-01,2012-06-07,2
b#569,room#1137,2012-06-01,2012-06-07,1
b#570,room#1139,2012-06-01,2012-06-07,2
b#571,room#1141,2012-06-01,2012-06-07,1
b#572,room#1143,2012-06-01,2012-06-07,2
b#573,room#1145,2012-06-01,2012-06-07,1
b#574,room#1147,2012-06-01,2012-06-07,2
b#575,room#1149,2012-06-01,2012-06-07,1
b#576,room#1151,2012-06-01,2012-06-07,2
b#577,room#1153,2012-06-01,2012-06-07,1
b#578,room#1155,2012-06-01,2012-06-07,2
b#579,room#1157,2012-06-01,2012-06-07,1
b#580,room#1159,2012-06-01,2012-06-07,2
b#581,room#1161,2012-06-01,2012-06-07,1
b#582,room#1163,2012-06-01,2012-06-07,2
b#583,room#1165,2012-06-01,2012-06-07,1
b#584,room#1167,2012-06-01,2012-06-07,2
b#585,room#1169,2012-06-01,2012-06-07,1
b#586,room#1171,2012-06-01,2012-06-07,2
b#587,room#1173,2012-06-01,2012-06-07,1
b#588,room#1175,2012-06-01,2012-06-07,2
b#589,room#1177,2012-06-01,2012-06-07,1
b#590,room#1179,2012-06-01,2012-06-07,2
b#591,room#1181,2012-06-01,2012-06-07,1
b#592,room#1183,2012-06-01,2012-06-07,2
b#593,room#1185,2012-06-01,2012-06-07,1
b#594,room#1187,2012-06-01,2012-06-07,2
b#595,room#1189,2012-06-01,2012-06-07,1
b#596,room#1191,2012-06-01,2012-06-07,2
b#597,room#1193,2012-06-01,2012-06-07,1
b#598,room#1195,2012-06-01,2012-06-07,2
b#599,room#1197,2012-06-01,2012-06-07,1
b#600,room#1199,2012-06-01,2012-06-07,2
b#601,room#1201,2012-06-01,2012-06-07,1
b#602,room#1203,2012-06-01,2012-06-07,2
b#603,room#1205,2012-06-01,2012-06-07,1
b#604,room#1207,2012-06-01,2012-06-07,2
b#605,room#1209,2012-06-01,2012-06-07,1
b#606,room#1211,2012-06-01,2012-06-07,2
b#607,room#1213,2012-06-01,2012-06-07,1
b#608,room#1215,2012-06-01,2012-06-07,2
b#609,room#1217,2012-06-01,2012-06-07,1
b#610,room#1219,2012-06-01,2012-06-07,2
b#611,room#1221,2012-06-01,2012-06-07,1
b#612,room#1223,2012-06-01,2012-06-07,2
b#613,room#1225,2012-06-01,2012-06-07,1
b#614,room#1227,2012-06-01,2012-06-07,2
b#615,room#1229,2012-06-01,2012-06-07,1
b#616,room#1231,2012-06-01,2012-06-07,2
b#617,room#1233,2012-06-01,2012-06-07,1
b#618,room#1235,2012-06-01,2012-06-07,2
b#619,room#1237,2012-06-01,2012-06-07,1
b#620,room#1239,2012-06-01,2012-06-07,2
b#621,room#1241,2012-06-01,2012-06-07,1
b#622,room#1243,2012-06-01,2012-06-07,2
b#623,room#1245,2012-06-01,2012-06-07,1
b#624,room#1247,2012-06-01,2012-06-07,2
b#625,room#1249,2012-06-01,2012-06-07,1
b#626,room#1251,2012-06-01,2012-06-07,2
b#627,room#1253,2012-06-01,2012-06-07,1
b#628,room#1255,2012-06-01,2012-06-07,2
b#629,room#1257,2012-06-01,2012-06-07,1
b#630,room#1259,2012-06-01,2012-06-07,2
b#631,room#1261,2012-06-01,2012-06-07,1
b#632,room#1263,2012-06-01,2012-06-07,2
b#633,room#1265,2012-06-01,2012-06-07,1
b#634,room#1267,2012-06-01,2012-06-07,2
b#635,room#1269,2012-06-01,2012-06-07,1
b#636,room#1271,2012-06-01,2012-06-07,2
b#637,room#1273,2012-06-01,2012-06-07,1
b#638,room#1275,2012-06-01,2012-06-07,2
b#639,room#1277,2012-06-01,2012-06-07,1
b#640,room#1279,2012-06-01,2012-06-07,2
b#641,room#1281,2012-06-01,2012-06-07,1
b#642,room#1283,2012-06-01,2012-06-07,2
b#643,room#1285,2012-06-01,2012-06-07,1
b#644,room#1287,2012-06-01,2012-06-07,2
b#645,room#1289,2012-06-01,2012-06-07,1
b#646,room#1291,2012-06-01,2012-06-07,2
b#647,room#1293,2012-06-01,2012-06-07,1
b#648,room#1295,2012-06-01,2012-06-07,2
b#649,room#1297,2012-06-01,2012-06-07,1
b#650,room#1299,2012-06-01,2012-06-07,2
b#651,room#1301,2012-06-01,2012-06-07,1
b#652,room#1303,2012-06-01,2012-06-07,2
b#653,room#1305,2012-06-01,2012-06-07,1
b#654,room#1307,2012-06-01,2012-06-07,2
b#655,room#1309,2012-06-01,2012-06-07,1
b#656,room#1311,2012-06-01,2012-06-07,2
b#657,room#1313,2012-06-01,2012-06-07,1
b#658,room#1315,2012-06-01,2012-06-07,2
b#659,room#1317,2012-06-01,2012-06-07,1
b#660,room#1319,2012-06-01,2012-06-07,2
b#661,room#1321,2012-06-01,2012-06-07,1
b#662,room#1323,2012-06-01,2012-06-07,2
b#663,room#1325,2012-06-01,2012-06-07,1
b#664,room#1327,2012-06-01,2012-06-07,2
b#665,room#1329,2012-06-01,2012-06-07,1
b#666,room#1331,2012-06-01,2012-06-07,2
b#667,room#1333,2012-06-01,2012-06-07,1
b#668,room#1335,2012-06-01,2012-06-07,2
b#669,room#1337,2012-06-01,2012-06-07,1
b#670,room#1339,2012-06-01,2012-06-07,2
b#671,room#1341,2012-06-01,2012-06-07,1
b#672,room#1343,2012-06-01,2012-06-07,2
b#673,room#1345,2012-06-01,2012-06-07,1
b#674,room#1347,2012-06-01,2012-06-07,2
b#675,room#1349,2012-06-01,2012-06-07,1
b#676,room#1351,2012-06-01,2012-06-07,2
b#677,room#1353,2012-06-01,2012-06-07,1
b#678,room#1355,2012-06-01,2012-06-07,2
b#679,room#1357,2012-06-01,2012-06-07,1
b#680,room#1359,2012-06-01,2012-06-07,2
b#681,room#1361,2012-06-01,2012-06-07,1
b#682,room#1363,2012-06-01,2012-06-07,2
b#683,room#1365,2012-06-01,2012-06-07,1
b#684,room#1367,2012-06-01,2012-06-07,2
b#685,room#1369,2012-06-01,2012-06-07,1
b#686,room#1371,2012-06-01,2012-06-07,2
b#687,room#1373,2012-06-01,2012-06-07,1
b#688,room#1375,2012-06-01,2012-06-07,2
b#689,room#1377,2012-06-01,2012-06-07,1
b#690,room#1379,2012-06-01,2012-06-07,2
b#691,room#1381,2012-06-01,2012-06-07,1
b#692,room#1383,2012-06-01,2012-06-07,2
b#693,room#1385,2012-06-01,2012-06-07,1
b#694,room#1387,2012-06-01,2012-06-07,2
b#695,room#1389,2012-06-01,2012-06-07,1
b#696,room#1391,2012-06-01,2012-06-07,2
b#697,room#1393,2012-06-01,2012-06-07,1
b#698,room#1395,2012-06-01,2012-06-07,2
b#699,room#1397,2012-06-01,2012-06-07,1
b#700,room#1399,2012-06-01,2012-06-07,2
b#701,room#1401,2012-06-01,2012-06-07,1
b#702,room#1403,2012-06-01,2012-06-07,2
b#703,room#1405,2012-06-01,2012-06-07,1
b#704,room#1407,2012-06-01,2012-06-07,2
b#705,room#1409,2012-06-01,2012-06-07,1
b#706,room#1411,2012-06-01,2012-06-07,2
b#707,room#1413,2012-06-01,2012-06-07,1
b#708,room#1415,2012-06-01,2012-06-07,2
b#709,room#1417,2012-06-01,2012-06-07,1
b#710,room#1419,2012-06-01,2012-06-07,2
b#711,room#1421,2012-06-01,2012-06-07,1
b#712,room#1423,2012-06-01,2012-06-07,2
b#713,room#1425,2012-06-01,2012-06-07,1
b#714,room#1427,2012-06-01,2012-06-07,2
b#715,room#1429,2012-06-01,2012-06-07,1
b#716,room#1431,2012-06-01,2012-06-07,2
b#717,room#1433,2012-06-01,2012-06-07,1
b#718,room#1435,2012-06-01,2012-06-07,2
b#719,room#1437,2012-06-01,2012-06-07,1
b#720,room#1439,2012-06-01,2012-06-07,2
b#721,room#1441,2012-06-01,2012-06-07,1
b#722,room#1443,2012-06-01,2012-06-07,2
b#723,room#1445,2012-06-01,2012-06-07,1
b#724,room#1447,2012-06-01,2012-06-07,2
b#725,room#1449,2012-06-01,2012-06-07,1
b#726,room#1451,2012-06-01,2012-06-07,2
b#727,room#1453,2012-06-01,2012-06-07,1
b#728,room#1455,2012-06-01,2012-06-07,2
b#729,room#1457,2012-06-01,2012-06-07,1
b#730,room#1459,2012-06-01,2012-06-07,2
b#731,room#1461,2012-06-01,2012-06-07,1
b#732,room#1463,2012-06-01,2012-06-07,2
b#733,room#1465,2012-06-01,2012-06-07,1
b#734,room#1467,2012-06-01,2012-06-07,2
b#735,room#1469,2012-06-01,2012-06-07,1
b#736,room#1471,2012-06-01,2012-06-07,2
b#737,room#1473,2012-06-01,2012-06-07,1
b#738,room#1475,2012-06-01,2012-06-07,2
b#739,room#1477,2012-06-01,2012-06-07,1
b#740,room#1479,2012-06-01,2012-06-07,2
b#741,room#1481,2012-06-01,2012-06-07,1
b#742,room#1483,2012-06-01,2012-06-07,2
b#743,room#1485,2012-06-01,2012-06-07,1
b#744,room#1487,2012-06-01,2012-06-07,2
b#745,room#1489,2012-06-01,2012-06-07,1
b#746,room#1491,2012-06-01,2012-06-07,2
b#747,room#1493,2012-06-01,2012-06-07,1
b#748,room#1495,2012-06-01,2012-06-07,2
b#749,room#1497,2012-06-01,2012-06-07,1
b#750,room#1499,2012-06-01,2012-06-07,2
b#751,room#1501,2012-06-01,2012-06-07,1
b#752,room#1503,2012-06-01,2012-06-07,2
b#753,room#1505,2012-06-01,2012-06-07,1
b#754,room#1507,2012-06-01,2012-06-07,2
b#755,room#1509,2012-06-01,2012-06-07,1
b#756,room#1511,2012-06-01,2012-06-07,2
b#757,room#1513,2012-06-01,2012-06-07,1
b#758,room#1515,2012-06-01,2012-06-07,2
b#759,room#1517,2012-06-01,2012-06-07,1
b#760,room#1519,2012-06-01,2012-06-07,2
b#761,room#1521,2012-06-01,2012-06-07,1
b#762,room#1523,2012-06-01,2012-06-07,2
b#763,room#1525,2012-06-01,2012-06-07,1
b#764,room#1527,2012-06-01,2012-06-07,2
b#765,room#1529,2012-06-01,2012-06-07,1
b#766,room#1531,2012-06-01,2012-06-07,2
b#767,room#1533,2012-06-01,2012-06-07,1
b#768,room#1535,2012-06-01,2012-06-07,2
b#769,room#1537,2012-06-01,2012-06-07,1
b#770,room#1539,2012-06-01,2012-06-07,2
b#771,room#1541,2012-06-01,2012-06-07,1
b#772,room#1543,2012-06-01,2012-06-07,2
b#773,room#1545,2012-06-01,2012-06-07,1
b#774,room#1547,2012-06-01,2012-06-07,2
b#775,room#1549,2012-06-01,2012-06-07,1
b#776,room#1551,2012-06-01,2012-06-07,2
b#777,room#1553,2012-06-01,2012-06-07,1
b#778,room#1555,2012-06-01,2012-06-07,2
b#779,room#1557,2012-06-01,2012-06-07,1
b#780,room#1559,2012-06-01,2012-06-07,2
b#781,room#1561,2012-06-01,2012-06-07,1
b#782,room#1563,2012-06-01,2012-06-07,2
b#783,room#1565,2012-06-01,2012-06-07,1
b#784,room#1567,2012-06-01,2012-06-07,2
b#785,room#1569,2012-06-01,2012-06-07,1
b#786,room#1571,2012-06-01,2012-06-07,2
b#787,room#1573,2012-06-01,2012-06-07,1
b#788,room#1575,2012-06-01,2012-06-07,2
b#789,room#1577,2012-06-01,2012-06-07,1
b#790,room#1579,2012-06-01,2012-06-07,2
b#791,room#1581,2012-06-01,2012-06-07,1
b#792,room#1583,2012-06-01,2012-06-07,2
b#793,room#1585,2012-06-01,2012-06-07,1
b#794,room#1587,2012-06-01,2012-06-07,2
b#795,room#1589,2012-06-01,2012-06-07,1
b#796,room#1591,2012-06-01,2012-06-07,2
b#797,room#1593,2012-06-01,2012-06-07,1
b#798,room#1595,2012-06-01,2012-06-07,2
b#799,room#1597,2012-06-01,2012-06-07,1
b#800,room#1599,2012-06-01,2012-06-07,2
b#801,room#1601,2012-06-01,2012-06-07,1
b#802,room#1603,2012-06-01,2012-06-07,2
b#803,room#1605,2012-06-01,2012-06-07,1
b#804,room#1607,2012-06-01,2012-06-07,2
b#805,room#1609,2012-06-01,2012-06-07,1
b#806,room#1611,2012-06-01,2012-06-07,2
b#807,room#1613,2012-06-01,2012-06-07,1
b#808,room#1615,2012-06-01,2012-06-07,2
b#809,room#1617,2012-06-01,2012-06-07,1
b#810,room#1619,2012-06-01,2012-06-07,2
b#811,room#1621,2012-06-01,2012-06-07,1
b#812,room#1623,2012-06-01,2012-06-07,2
b#813,room#1625,2012-06-01,2012-06-07,1
b#814,room#1627,2012-06-01,2012-06-07,2
b#815,room#1629,2012-06-01,2012-06-07,1
b#816,room#1631,2012-06-01,2012-06-07,2
b#817,room#1633,2012-06-01,2012-06-07,1
b#818,room#1635,2012-06-01,2012-06-07,2
b#819,room#1637,2012-06-01,2012-06-07,1
b#820,room#1639,2012-06-01,2012-06-07,2
b#821,room#1641,2012-06-01,2012-06-07,1
b#822,room#1643,2012-06-01,2012-06-07,2
b#823,room#1645,2012-06-01,2012-06-07,1
b#824,room#1647,2012-06-01,2012-06-07,2
b#825,room#1649,2012-06-01,2012-06-07,1
b#826,room#1651,2012-06-01,2012-06-07,2
b#827,room#1653,2012-06-01,2012-06-07,1
b#828,room#1655,2012-06-01,2012-06-07,2
b#829,room#1657,2012-06-01,2012-06-07,1
b#830,room#1659,2012-06-01,2012-06-07,2
b#831,room#1661,2012-06-01,2012-06-07,1
b#832,room#1663,2012-06-01,2012-06-07,2
b#833,room#1665,2012-06-01,2012-06-07,1
b#834,room#1667,2012-06-01,2012-06-07,2
b#835,room#1669,2012-06-01,2012-06-07,1
b#836,room#1671,2012-06-01,2012-06-07,2
b#837,room#1673,2012-06-01,2012-06-07,1
b#838,room#1675,2012-06-01,2012-06-07,2
b#839,room#1677,2012-06-01,2012-06-07,1
b#840,room#1679,2012-06-01,2012-06-07,2
b#841,room#1681,2012-06-01,2012-06-07,1
b#842,room#1683,2012-06-01,2012-06-07,2
b#843,room#1685,2012-06-01,2012-06-07,1
b#844,room#1687,2012-06-01,2012-06-07,2
b#845,room#1689,2012-06-01,2012-06-07,1
b#846,room#1691,2012-06-01,2012-06-07,2
b#847,room#1693,2012-06-01,2012-06-07,1
b#848,room#1695,2012-06-01,2012-06-07,2
b#849,room#1697,2012-06-01,2012-06-07,1
b#850,room#1699,2012-06-01,2012-06-07,2
b#851,room#1701,2012-06-01,2012-06-07,1
b#852,room#1703,2012-06-01,2012-06-07,2
b#853,room#1705,2012-06-01,2012-06-07,1
b#854,room#1707,2012-06-01,2012-06-07,2
b#855,room#1709,2012-06-01,2012-06-07,1
b#856,room#1711,2012-06-01,2012-06-07,2
b#857,room#1713,2012-06-01,2012-06-07,1
b#858,room#1715,2012-06-01,2012-06-07,2
b#859,room#1717,2012-06-01,2012-06-07,1
b#860,room#1719,2012-06-01,2012-06-07,2
b#861,room#1721,2012-06-01,2012-06-07,1
b#862,room#1723,2012-06-01,2012-06-07,2
b#863,room#1725,2012-06-01,2012-06-07,1
b#864,room#1727,2012-06-01,2012-06-07,2
b#865,room#1729,2012-06-01,2012-06-07,1
b#866,room#1731,2012-06-01,2012-06-07,2
b#867,room#1733,2012-06-01,2012-06-07,1
b#868,room#1735,2012-06-01,2012-06-07,2
b#869,room#1737,2012-06-01,2012-06-07,1
b#870,room#1739,2012-06-01,2012-06-07,2
b#871,room#1741,2012-06-01,2012-06-07,1
b#872,room#1743,2012-06-01,2012-06-07,2
b#873,room#1745,2012-06-01,2012-06-07,1
b#874,room#1747,2012-06-01,2012-06-07,2
b#875,room#1749,2012-06-01,2012-06-07,1
b#876,room#1751,2012-06-01,2012-06-07,2
b#877,room#1753,2012-06-01,2012-06-07,1
b#878,room#1755,2012-06-01,2012-06-07,2
b#879,room#1757,2012-06-01,2012-06-07,1
b#880,room#1759,2012-06-01,2012-06-07,2
b#881,room#1761,2012-06-01,2012-06-07,1
b#882,room#1763,2012-06-01,2012-06-07,2
b#883,room#1765,2012-06-01,2012-06-07,1
b#884,room#1767,2012-06-01,2012-06-07,2
b#885,room#1769,2012-06-01,2012-06-07,1
b#886,room#1771,2012-06-01,2012-06-07,2
b#887,room#1773,2012-06-01,2012-06-07,1
b#888,room#1775,2012-06-01,2012-06-07,2
b#889,room#1777,2012-06-01,2012-06-07,1
b#890,room#1779,2012-06-01,2012-06-07,2
b#891,room#1781,2012-06-01,2012-06-07,1
b#892,room#1783,2012-06-01,2012-06-07,2
b#893,room#1785,2012-06-01,2012-06-07,1
b#894,room#1787,2012-06-01,2012-06-07,2
b#895,room#1789,2012-06-01,2012-06-07,1
b#896,room#1791,2012-06-01,2012-06-07,2
b#897,room#1793,2012-06-01,2012-06-07,1
b#898,room#1795,2012-06-01,2012-06-07,2
b#899,room#1797,2012-06-01,2012-06-07,1
b#900,room#1799,2012-06-01,2012-06-07,2
b#901,room#1801,2012-06-01,2012-06-07,1
b#902,room#1803,2012-06-01,2012-06-07,2
b#903,room#1805,2012-06-01,2012-06-07,1
b#904,room#1807,2012-06-01,2012-06-07,2
b#905,room#1809,2012-06-01,2012-06-07,1
b#906,room#1811,2012-06-01,2012-06-07,2
b#907,room#1813,2012-06-01,2012-06-07,1
b#908,room#1815,2012-06-01,2012-06-07,2
b#909,room#1817,2012-06-01,2012-06-07,1
b#910,room#1819,2012-06-01,2012-06-07,2
b#911,room#1821,2012-06-01,2012-06-07,1
b#912,room#1823,2012-06-01,2012-06-07,2
b#913,room#1825,2012-06-01,2012-06-07,1
b#914,room#1827,2012-06-01,2012-06-07,2
b#915,room#1829,2012-06-01,2012-06-07,1
b#916,room#1831,2012-06-01,2012-06-07,2
b#917,room#1833,2012-06-01,2012-06-07,1
b#918,room#1835,2012-06-01,2012-06-07,2
b#919,room#1837,2012-06-01,2012-06-07,1
b#920,room#1839,2012-06-01,2012-06-07,2
b#921,room#1841,2012-06-01,2012-06-07,1
b#922,room#1843,2012-06-01,2012-06-07,2
b#923,room#1845,2012-06-01,2012-06-07,1
b#924,room#1847,2012-06-01,2012-06-07,2
b#925,room#1849,2012-06-01,2012-06-07,1
b#926,room#1851,2012-06-01,2012-06-07,2
b#927,room#1853,2012-06-01,2012-06-07,1
b#928,room#1855,2012-06-01,2012-06-07,2
b#929,room#1857,2012-06-01,2012-06-07,1
b#930,room#1859,2012-06-01,2012-06-07,2
b#931,room#1861,2012-06-01,2012-06-07,1
b#932,room#1863,2012-06-01,2012-06-07,2
b#933,room#1865,2012-06-01,2012-06-07,1
b#934,room#1867,2012-06-01,2012-06-07,2
b#935,room#1869,2012-06-01,2012-06-07,1
b#936,room#1871,2012-06-01,2012-06-07,2
b#937,room#1873,2012-06-01,2012-06-07,1
b#938,room#1875,2012-06-01,2012-06-07,2
b#939,room#1877,2012-06-01,2012-06-07,1
b#940,room#1879,2012-06-01,2012-06-07,2
b#941,room#1881,2012-06-01,2012-06-07,1
b#942,room#1883,2012-06-01,2012-06-07,2
b#943,room#1885,2012-06-01,2012-06-07,1
b#944,room#1887,2012-06-01,2012-06-07,2
b#945,room#1889,2012-06-01,2012-06-07,1
b#946,room#1891,2012-06-01,2012-06-07,2
b#947,room#1893,2012-06-01,2012-06-07,1
b#948,room#1895,2012-06-01,2012-06-07,2
b#949,room#1897,2012-06-01,2012-06-07,1
b#950,room#1899,2012-06-01,2012-06-07,2
b#951,room#1901,2012-06-01,2012-06-07,1
b#952,room#1903,2012-06-01,2012-06-07,2
b#953,room#1905,2012-06-01,2012-06-07,1
b#954,room#1907,2012-06-01,2012-06-07,2
b#955,room#1909,2012-06-01,2012-06-07,1
b#956,room#1911,2012-06-01,2012-06-07,2
b#957,room#1913,2012-06-01,2012-06-07,1
b#958,room#1915,2012-06-01,2012-06-07,2
b#959,room#1917,2012-06-01,2012-06-07,1
b#960,room#1919,2012-06-01,2012-06-07,2
b#961,room#1921,2012-06-01,2012-06-07,1
b#962,room#1923,2012-06-01,2012-06-07,2
b#963,room#1925,2012-06-01,2012-06-07,1
b#964,room#1927,2012-06-01,2012-06-07,2
b#965,room#1929,2012-06-01,2012-06-07,1
b#966,room#1931,2012-06-01,2012-06-07,2
b#967,room#1933,2012-06-01,2012-06-07,1
b#968,room#1935,2012-06-01,2012-06-07,2
b#969,room#1937,2012-06-01,2012-06-07,1
b#970,room#1939,2012-06-01,2012-06-07,2
b#971,room#1941,2012-06-01,2012-06-07,1
b#972,room#1943,2012-06-01,2012-06-07,2
b#973,room#1945,2012-06-01,2012-06-07,1
b#974,room#1947,2012-06-01,2012-06-07,2
b#975,room#1949,2012-06-01,2012-06-07,1
b#976,room#1951,2012-06-01,2012-06-07,2
b#977,room#1953,2012-06-01,2012-06-07,1
b#978,room#1955,2012-06-01,2012-06-07,2
b#979,room#1957,2012-06-01,2012-06-07,1
b#980,room#1959,2012-06-01,2012-06-07,2
b#981,room#1961,2012-06-01,2012-06-07,1
b#982,room#1963,2012-06-01,2012-06-07,2
b#983,room#1965,2012-06-01,2012-06-07,1
b#984,room#1967,2012-06-01,2012-06-07,2
b#985,room#1969,2012-06-01,2012-06-07,1
b#986,room#1971,2012-06-01,2012-06-07,2
b#987,room#1973,2012-06-01,2012-06-07,1
b#988,room#1975,2012-06-01,2012-06-07,2
b#989,room#1977,2012-06-01,2012-06-07,1
b#990,room#1979,2012-06-01,2012-06-07,2
b#991,room#1981,2012-06-01,2012-06-07,1
b#992,room#1983,2012-06-01,2012-06-07,2
b#993,room#1985,2012-06-01,2012-06-07,1
b#994,room#1987,2012-06-01,2012-06-07,2
b#995,room#1989,2012-06-01,2012-06-07,1
b#996,room#1991,2012-06-01,2012-06-07,2
b#997,room#1993,2012-06-01,2012-06-07,1
b#998,room#1995,2012-06-01,2012-06-07,2
b#999,room#1997,2012-06-01,2012-06-07,1
b#1000,room#1999,2012-06-01,2012-06-07,2
b#1001,room#2001,2012-06-01,2012-06-07,1
b#1002,room#2003,2012-06-01,2012-06-07,2
b#1003,room#2005,2012-06-01,2012-06-07,1
b#1004,room#2007,2012-06-01,2012-06-07,2
b#1005,room#2009,2012-06-01,2012-06-07,1
b#1006,room#2011,2012-06-01,2012-06-07,2
b#1007,room#2013,2012-06-01,2012-06-07,1
b#1008,room#2015,2012-06-01,2012-06-07,2
b#1009,room#2017,2012-06-01,2012-06-07,1
b#1010,room#2019,2012-06-01,2012-06-07,2
b#1011,room#2021,2012-06-01,2012-06-07,1
b#1012,room#2023,2012-06-01,2012-06-07,2
b#1013,room#2025,2012-06-01,2012-06-07,1
b#1014,room#2027,2012-06-01,2012-06-07,2
b#1015,room#2029,2012-06-01,2012-06-07,1
b#1016,room#2031,2012-06-01,2012-06-07,2
b#1017,room#2033,2012-06-01,2012-06-07,1
b#1018,room#2035,2012-06-01,2012-06-07,2
b#1019,room#2037,2012-06-01,2012-06-07,1
b#1020,room#2039,2012-06-01,2012-06-07,2
b#1021,room#2041,2012-06-01,2012-06-07,1
b#1022,room#2043,2012-06-01,2012-06-07,2
b#1023,room#2045,2012-06-01,2012-06-07,1
b#1024,room#2047,2012-06-01,2012-06-07,2
b#1025,room#2049,2012-06-01,2012-06-07,1
b#1026,room#2051,2012-06-01,2012-06-07,2
b#1027,room#2053,2012-06-01,2012-06-07,1
b#1028,room#2055,2012-06-01,2012-06-07,2
b#1029,room#2057,2012-06-01,2012-06-07,1
b#1030,room#2059,2012-06-01,2012-06-07,2
b#1031,room#2061,2012-06-01,2012-06-07,1
b#1032,room#2063,2012-06-01,2012-06-07,2
b#1033,room#2065,2012-06-01,2012-06-07,1
b#1034,room#2067,2012-06-01,2012-06-07,2
b#1035,room#2069,2012-06-01,2012-06-07,1
b#1036,room#2071,2012-06-01,2012-06-07,2
b#1037,room#2073,2012-06-01,2012-06-07,1
b#1038,room#2075,2012-06-01,2012-06-07,2
b#1039,room#2077,2012-06-01,2012-06-07,1
b#1040,room#2079,2012-06-01,2012-06-07,2
b#1041,room#2081,2012-06-01,2012-06-07,1
b#1042,room#2083,2012-06-01,2012-06-07,2
b#1043,room#2085,2012-06-01,2012-06-07,1
b#1044,room#2087,2012-06-01,2012-06-07,2
b#1045,room#2089,2012-06-01,2012-06-07,1
b#1046,room#2091,2012-06-01,2012-06-07,2
b#1047,room#2093,2012-06-01,2012-06-07,1
b#1048,room#2095,2012-06-01,2012-06-07,2
b#1049,room#2097,2012-06-01,2012-06-07,1
b#1050,room#2099,2012-06-01,2012-06-07,2
b#1051,room#2101,2012-06-01,2012-06-07,1
b#1052,room#2103,2012-06-01,2012-06-07,2
b#1053,room#2105,2012-06-01,2012-06-07,1
b#1054,room#2107,2012-06-01,2012-06-07,2
b#1055,room#2109,2012-06-01,2012-06-07,1
b#1056,room#2111,2012-06-01,2012-06-07,2
b#1057,room#2113,2012-06-01,2012-06-07,1
b#1058,room#2115,2012-06-01,2012-06-07,2
b#1059,room#2117,2012-06-01,2012-06-07,1
b#1060,room#2119,2012-06-01,2012-06-07,2
b#1061,room#2121,2012-06-01,2012-06-07,1
b#1062,room#2123,2012-06-01,2012-06-07,2
b#1063,room#2125,2012-06-01,2012-06-07,1
b#1064,room#2127,2012-06-01,2012-06-07,2
b#1065,room#2129,2012-06-01,2012-06-07,1
b#1066,room#2131,2012-06-01,2012-06-07,2
b#1067,room#2133,2012-06-01,2012-06-07,1
b#1068,room#2135,2012-06-01,2012-06-07,2
b#1069,room#2137,2012-06-01,2012-06-07,1
b#1070,room#2139,2012-06-01,2012-06-07,2
b#1071,room#2141,2012-06-01,2012-06-07,1
b#1072,room#2143,2012-06-01,2012-06-07,2
b#1073,room#2145,2012-06-01,2012-06-07,1
b#1074,room#2147,2012-06-01,2012-06-07,2
b#1075,room#2149,2012-06-01,2012-06-07,1
b#1076,room#2151,2012-06-01,2012-06-07,2
b#1077,room#2153,2012-06-01,2012-06-07,1
b#1078,room#2155,2012-06-01,2012-06-07,2
b#1079,room#2157,2012-06-01,2012-06-07,1
b#1080,room#2159,2012-06-01,2012-06-07,2
b#1081,room#2161,2012-06-01,2012-06-07,1
b#1082,room#2163,2012-06-01,2012-06-07,2
b#1083,room#2165,2012-06-01,2012-06-07,1
b#1084,room#2167,2012-06-01,2012-06-07,2
b#1085,room#2169,2012-06-01,2012-06-07,1
b#1086,room#2171,2012-06-01,2012-06-07,2
b#1087,room#2173,2012-06-01,2012-06-07,1
b#1088,room#2175,2012-06-01,2012-06-07,2
b#1089,room#2177,2012-06-01,2012-06-07,1
b#1090,room#2179,2012-06-01,2012-06-07,2
b#1091,room#2181,2012-06-01,2012-06-07,1
b#1092,room#2183,2012-06-01,2012-06-07,2
b#1093,room#2185,2012-06-01,2012-06-07,1
b#1094,room#2187,2012-06-01,2012-06-07,2
b#1095,room#2189,2012-06-01,2012-06-07,1
b#1096,room#2191,2012-06-01,2012-06-07,2
b#1097,room#2193,2012-06-01,2012-06-07,1
b#1098,room#2195,2012-06-01,2012-06-07,2
b#1099,room#2197,2012-06-01,2012-06-07,1
b#1100,room#2199,2012-06-01,2012-06-07,2
b#1101,room#2201,2012-06-01,2012-06-07,1
b#1102,room#2203,2012-06-01,2012-06-07,2
b#1103,room#2205,2012-06-01,2012-06-07,1
b#1104,room#2207,2012-06-01,2012-06-07,2
b#1105,room#2209,2012-06-01,2012-06-07,1
b#1106,room#2211,2012-06-01,2012-06-07,2
b#1107,room#2213,2012-06-01,2012-06-07,1
b#1108,room#2215,2012-06-01,2012-06-07,2
b#1109,room#2217,2012-06-01,2012-06-07,1
b#1110,room#2219,2012-06-01,2012-06-07,2
b#1111,room#2221,2012-06-01,2012-06-07,1
b#1112,room#2223,2012-06-01,2012-06-07,2
b#1113,room#2225,2012-06-01,2012-06-07,1
b#1114,room#2227,2012-06-01,2012-06-07,2
b#1115,room#2229,2012-06-01,2012-06-07,1
b#1116,room#2231,2012-06-01,2012-06-07,2
b#1117,room#2233,2012-06-01,2012-06-07,1
b#1118,room#2235,2012-06-01,2012-06-07,2
b#1119,room#2237,2012-06-01,2012-06-07,1
b#1120,room#2239,2012-06-01,2012-06-07,2
b#1121,room#2241,2012-06-01,2012-06-07,1
b#1122,room#2243,2012-06-01,2012-06-07,2
b#1123,room#2245,2012-06-01,2012-06-07,1
b#1124,room#2247,2012-06-01,2012-06-07,2
b#1125,room#2249,2012-06-01,2012-06-07,1
b#1126,room#2251,2012-06-01,2012-06-07,2
b#1127,room#2253,2012-06-01,2012-06-07,1
b#1128,room#2255,2012-06-01,2012-06-07,2
b#1129,room#2257,2012-06-01,2012-06-07,1
b#1130,room#2259,2012-06-01,2012-06-07,2
b#1131,room#2261,2012-06-01,2012-06-07,1
b#1132,room#2263,2012-06-01,2012-06-07,2
b#1133,room#2265,2012-06-01,2012-06-07,1
b#1134,room#2267,2012-06-01,2012-06-07,2
b#1135,room#2269,2012-06-01,2012-06-07,1
b#1136,room#2271,2012-06-01,2012-06-07,2
b#1137,room#2273,2012-06-01,2012-06-07,1
b#1138,room#2275,2012-06-01,2012-06-07,2
b#1139,room#2277,2012-06-01,2012-06-07,1
b#1140,room#2279,2012-06-01,2012-06-07,2
b#1141,room#2281,2012-06-01,2012-06-07,1
b#1142,room#2283,2012-06-01,2012-06-07,2
b#1143,room#2285,2012-06-01,2012-06-07,1
b#1144,room#2287,2012-06-01,2012-06-07,2
b#1145,room#2289,2012-06-01,2012-06-07,1
b#1146,room#2291,2012-06-01,2012-06-07,2
b#1147,room#2293,2012-06-01,2012-06-07,1
b#1148,room#2295,2012-06-01,2012-06-07,2
b#1149,room#2297,2012-06-01,2012-06-07,1
b#1150,room#2299,2012-06-01,2012-06-07,2
b#1151,room#2301,2012-06-01,2012-06-07,1
b#1152,room#2303,2012-06-01,2012-06-07,2
b#1153,room#2305,2012-06-01,2012-06-07,1
b#1154,room#2307,2012-06-01,2012-06-07,2
b#1155,room#2309,2012-06-01,2012-06-07,1
b#1156,room#2311,2012-06-01,2012-06-07,2
b#1157,room#2313,2012-06-01,2012-06-07,1
b#1158,room#2315,2012-06-01,2012-06-07,2
b#1159,room#2317,2012-06-01,2012-06-07,1
b#1160,room#2319,2012-06-01,2012-06-07,2
b#1161,room#2321,2012-06-01,2012-06-07,1
b#1162,room#2323,2012-06-01,2012-06-07,2
b#1163,room#2325,2012-06-01,2012-06-07,1
b#1164,room#2327,2012-06-01,2012-06-07,2
b#1165,room#2329,2012-06-01,2012-06-07,1
b#1166,room#2331,2012-06-01,2012-06-07,2
b#1167,room#2333,2012-06-01,2012-06-07,1
b#1168,room#2335,2012-06-01,2012-06-07,2
b#1169,room#2337,2012-06-01,2012-06-07,1
b#1170,room#2339,2012-06-01,2012-06-07,2
b#1171,room#2341,2012-06-01,2012-06-07,1
b#1172,room#2343,2012-06-01,2012-06-07,2
b#1173,room#2345,2012-06-01,2012-06-07,1
b#1174,room#2347,2012-06-01,2012-06-07,2
b#1175,room#2349,2012-06-01,2012-06-07,1
b#1176,room#2351,2012-06-01,2012-06-07,2
b#1177,room#2353,2012-06-01,2012-06-07,1
b#1178,room#2355,2012-06-01,2012-06-07,2
b#1179,room#2357,2012-06-01,2012-06-07,1
b#1180,room#2359,2012-06-01,2012-06-07,2
b#1181,room#2361,2012-06-01,2012-06-07,1
b#1182,room#2363,2012-06-01,2012-06-07,2
b#1183,room#2365,2012-06-01,2012-06-07,1
b#1184,room#2367,2012-06-01,2012-06-07,2
b#1185,room#2369,2012-06-01,2012-06-07,1
b#1186,room#2371,2012-06-01,2012-06-07,2
b#1187,room#2373,2012-06-01,2012-06-07,1
b#1188,room#2375,2012-06-01,2012-06-07,2
b#1189,room#2377,2012-06-01,2012-06-07,1
b#1190,room#2379,2012-06-01,2012-06-07,2
b#1191,room#2381,2012-06-01,2012-06-07,1
b#1192,room#2383,2012-06-01,2012-06-07,2
b#1193,room#2385,2012-06-01,2012-06-07,1
b#1194,room#2387,2012-06-01,2012-06-07,2
b#1195,room#2389,2012-06-01,2012-06-07,1
b#1196,room#2391,2012-06-01,2012-06-07,2
b#1197,room#2393,2012-06-01,2012-06-07,1
b#1198,room#2395,2012-06-01,2012-06-07,2
b#1199,room#2397,2012-06-01,2012-06-07,1
b#1200,room#2399,2012-06-01,2012-06-07,2
b#1201,room#2401,2012-06-01,2012-06-07,1
b#1202,room#2403,2012-06-01,2012-06-07,2
b#1203,room#2405,2012-06-01,2012-06-07,1
b#1204,room#2407,2012-06-01,2012-06-07,2
b#1205,room#2409,2012-06-01,2012-06-07,1
b#1206,room#2411,2012-06-01,2012-06-07,2
b#1207,room#2413,2012-06-01,2012-06-07,1
b#1208,room#2415,2012-06-01,2012-06-07,2
b#1209,room#2417,2012-06-01,2012-06-07,1
b#1210,room#2419,2012-06-01,2012-06-07,2
b#1211,room#2421,2012-06-01,2012-06-07,1
b#1212,room#2423,2012-06-01,2012-06-07,2
b#1213,room#2425,2012-06-01,2012-06-07,1
b#1214,room#2427,2012-06-01,2012-06-07,2
b#1215,room#2429,2012-06-01,2012-06-07,1
b#1216,room#2431,2012-06-01,2012-06-07,2
b#1217,room#2433,2012-06-01,2012-06-07,1
b#1218,room#2435,2012-06-01,2012-06-07,2
b#1219,room#2437,2012-06-01,2012-06-07,1
b#1220,room#2439,2012-06-01,2012-06-07,2
b#1221,room#2441,2012-06-01,2012-06-07,1
b#1222,room#2443,2012-06-01,2012-06-07,2
b#1223,room#2445,2012-06-01,2012-06-07,1
b#1224,room#2447,2012-06-01,2012-06-07,2
b#1225,room#2449,2012-06-01,2012-06-07,1
b#1226,room#2451,2012-06-01,2012-06-07,2
b#1227,room#2453,2012-06-01,2012-06-07,1
b#1228,room#2455,2012-06-01,2012-06-07,2
b#1229,room#2457,2012-06-01,2012-06-07,1
b#1230,room#2459,2012-06-01,2012-06-07,2
b#1231,room#2461,2012-06-01,2012-06-07,1
b#1232,room#2463,2012-06-01,2012-06-07,2
b#1233,room#2465,2012-06-01,2012-06-07,1
b#1234,room#2467,2012-06-01,2012-06-07,2
b#1235,room#2469,2012-06-01,2012-06-07,1
b#1236,room#2471,2012-06-01,2012-06-07,2
b#1237,room#2473,2012-06-01,2012-06-07,1
b#1238,room#2475,2012-06-01,2012-06-07,2
b#1239,room#2477,2012-06-01,2012-06-07,1
b#1240,room#2479,2012-06-01,2012-06-07,2
b#1241,room#2481,2012-06-01,2012-06-07,1
b#1242,room#2483,2012-06-01,2012-06-07,2
b#1243,room#2485,2012-06-01,2012-06-07,1
b#1244,room#2487,2012-06-01,2012-06-07,2
b#1245,room#2489,2012-06-01,2012-06-07,1
b#1246,room#2491,2012-06-01,2012-06-07,2
b#1247,room#2493,2012-06-01,2012-06-07,1
b#1248,room#2495,2012-06-01,2012-06-07,2
b#1249,room#2497,2012-06-01,2012-06-07,1
b#1250,room#2499,2012-06-01,2012-06-07,2
b#1251,room#2501,2012-06-01,2012-06-07,1
b#1252,room#2503,2012-06-01,2012-06-07,2
b#1253,room#2505,2012-06-01,2012-06-07,1
b#1254,room#2507,2012-06-01,2012-06-07,2
b#1255,room#2509,2012-06-01,2012-06-07,1
b#1256,room#2511,2012-06-01,2012-06-07,2
b#1257,room#2513,2012-06-01,2012-06-07,1
b#1258,room#2515,2012-06-01,2012-06-07,2
b#1259,room#2517,2012-06-01,2012-06-07,1
b#1260,room#2519,2012-06-01,2012-06-07,2
b#1261,room#2521,2012-06-01,2012-06-07,1
b#1262,room#2523,2012-06-01,2012-06-07,2
b#1263,room#2525,2012-06-01,2012-06-07,1
b#1264,room#2527,2012-06-01,2012-06-07,2
b#1265,room#2529,2012-06-01,2012-06-07,1
b#1266,room#2531,2012-06-01,2012-06-07,2
b#1267,room#2533,2012-06-01,2012-06-07,1
b#1268,room#2535,2012-06-01,2012-06-07,2
b#1269,room#2537,2012-06-01,2012-06-07,1
b#1270,room#2539,2012-06-01,2012-06-07,2
b#1271,room#2541,2012-06-01,2012-06-07,1
b#1272,room#2543,2012-06-01,2012-06-07,2
b#1273,room#2545,2012-06-01,2012-06-07,1
b#1274,room#2547,2012-06-01,2012-06-07,2
b#1275,room#2549,2012-06-01,2012-06-07,1
b#1276,room#2551,2012-06-01,2012-06-07,2
b#1277,room#2553,2012-06-01,2012-06-07,1
b#1278,room#2555,2012-06-01,2012-06-07,2
b#1279,room#2557,2012-06-01,2012-06-07,1
b#1280,room#2559,2012-06-01,2012-06-07,2
b#1281,room#2561,2012-06-01,2012-06-07,1
b#1282,room#2563,2012-06-01,2012-06-07,2
b#1283,room#2565,2012-06-01,2012-06-07,1
b#1284,room#2567,2012-06-01,2012-06-07,2
b#1285,room#2569,2012-06-01,2012-06-07,1
b#1286,room#2571,2012-06-01,2012-06-07,2
b#1287,room#2573,2012-06-01,2012-06-07,1
b#1288,room#2575,2012-06-01,2012-06-07,2
b#1289,room#2577,2012-06-01,2012-06-07,1
b#1290,room#2579,2012-06-01,2012-06-07,2
b#1291,room#2581,2012-06-01,2012-06-07,1
b#1292,room#2583,2012-06-01,2012-06-07,2
b#1293,room#2585,2012-06-01,2012-06-07,1
b#1294,room#2587,2012-06-01,2012-06-07,2
b#1295,room#2589,2012-06-01,2012-06-07,1
b#1296,room#2591,2012-06-01,2012-06-07,2
b#1297,room#2593,2012-06-01,2012-06-07,1
b#1298,room#2595,2012-06-01,2012-06-07,2
b#1299,room#2597,2012-06-01,2012-06-07,1
b#1300,room#2599,2012-06-01,2012-06-07,2
b#1301,room#2601,2012-06-01,2012-06-07,1
b#1302,room#2603,2012-06-01,2012-06-07,2
b#1303,room#2605,2012-06-01,2012-06-07,1
b#1304,room#2607,2012-06-01,2012-06-07,2
b#1305,room#2609,2012-06-01,2012-06-07,1
b#1306,room#2611,2012-06-01,2012-06-07,2
b#1307,room#2613,2012-06-01,2012-06-07,1
b#1308,room#2615,2012-06-01,2012-06-07,2
b#1309,room#2617,2012-06-01,2012-06-07,1
b#1310,room#2619,2012-06-01,2012-06-07,2
b#1311,room#2621,2012-06-01,2012-06-07,1
b#1312,room#2623,2012-06-01,2012-06-07,2
b#1313,room#2625,2012-06-01,2012-06-07,1
b#1314,room#2627,2012-06-01,2012-06-07,2
b#1315,room#2629,2012-06-01,2012-06-07,1
b#1316,room#2631,2012-06-01,2012-06-07,2
b#1317,room#2633,2012-06-01,2012-06-07,1
b#1318,room#2635,2012-06-01,2012-06-07,2
b#1319,room#2637,2012-06-01,2012-06-07,1
b#1320,room#2639,2012-06-01,2012-06-07,2
b#1321,room#2641,2012-06-01,2012-06-07,1
b#1322,room#2643,2012-06-01,2012-06-07,2
b#1323,room#2645,2012-06-01,2012-06-07,1
b#1324,room#2647,2012-06-01,2012-06-07,2
b#1325,room#2649,2012-06-01,2012-06-07,1
b#1326,room#2651,2012-06-01,2012-06-07,2
b#1327,room#2653,2012-06-01,2012-06-07,1
b#1328,room#2655,2012-06-01,2012-06-07,2
b#1329,room#2657,2012-06-01,2012-06-07,1
b#1330,room#2659,2012-06-01,2012-06-07,2
b#1331,room#2661,2012-06-01,2012-06-07,1
b#1332,room#2663,2012-06-01,2012-06-07,2
b#1333,room#2665,2012-06-01,2012-06-07,1
b#1334,room#2667,2012-06-01,2012-06-07,2
b#1335,room#2669,2012-06-01,2012-06-07,1
b#1336,room#2671,2012-06-01,2012-06-07,2
b#1337,room#2673,2012-06-01,2012-06-07,1
b#1338,room#2675,2012-06-01,2012-06-07,2
b#1339,room#2677,2012-06-01,2012-06-07,1
b#1340,room#2679,2012-06-01,2012-06-07,2
b#1341,room#2681,2012-06-01,2012-06-07,1
b#1342,room#2683,2012-06-01,2012-06-07,2
b#1343,room#2685,2012-06-01,2012-06-07,1
b#1344,room#2687,2012-06-01,2012-06-07,2
b#1345,room#2689,2012-06-01,2012-06-07,1
b#1346,room#2691,2012-06-01,2012-06-07,2
b#1347,room#2693,2012-06-01,2012-06-07,1
b#1348,room#2695,2012-06-01,2012-06-07,2
b#1349,room#2697,2012-06-01,2012-06-07,1
b#1350,room#2699,2012-06-01,2012-06-07,2
b#1351,room#2701,2012-06-01,2012-06-07,1
b#1352,room#2703,2012-06-01,2012-06-07,2
b#1353,room#2705,2012-06-01,2012-06-07,1
b#1354,room#2707,2012-06-01,2012-06-07,2
b#1355,room#2709,2012-06-01,2012-06-07,1
b#1356,room#2711,2012-06-01,2012-06-07,2
b#1357,room#2713,2012-06-01,2012-06-07,1
b#1358,room#2715,2012-06-01,2012-06-07,2
b#1359,room#2717,2012-06-01,2012-06-07,1
b#1360,room#2719,2012-06-01,2012-06-07,2
b#1361,room#2721,2012-06-01,2012-06-07,1
b#1362,room#2723,2012-06-01,2012-06-07,2
b#1363,room#2725,2012-06-01,2012-06-07,1
b#1364,room#2727,2012-06-01,2012-06-07,2
b#1365,room#2729,2012-06-01,2012-06-07,1
b#1366,room#2731,2012-06-01,2012-06-07,2
b#1367,room#2733,2012-06-01,2012-06-07,1
b#1368,room#2735,2012-06-01,2012-06-07,2
b#1369,room#2737,2012-06-01,2012-06-07,1
b#1370,room#2739,2012-06-01,2012-06-07,2
b#1371,room#2741,2012-06-01,2012-06-07,1
b#1372,room#2743,2012-06-01,2012-06-07,2
b#1373,room#2745,2012-06-01,2012-06-07,1
b#1374,room#2747,2012-06-01,2012-06-07,2
b#1375,room#2749,2012-06-01,2012-06-07,1
b#1376,room#2751,2012-06-01,2012-06-07,2
b#1377,room#2753,2012-06-01,2012-06-07,1
b#1378,room#2755,2012-06-01,2012-06-07,2
b#1379,room#2757,2012-06-01,2012-06-07,1
b#1380,room#2759,2012-06-01,2012-06-07,2
b#1381,room#2761,2012-06-01,2012-06-07,1
b#1382,room#2763,2012-06-01,2012-06-07,2
b#1383,room#2765,2012-06-01,2012-06-07,1
b#1384,room#2767,2012-06-01,2012-06-07,2
b#1385,room#2769,2012-06-01,2012-06-07,1
b#1386,room#2771,2012-06-01,2012-06-07,2
b#1387,room#2773,2012-06-01,2012-06-07,1
b#1388,room#2775,2012-06-01,2012-06-07,2
b#1389,room#2777,2012-06-01,2012-06-07,1
b#1390,room#2779,2012-06-01,2012-06-07,2
b#1391,room#2781,2012-06-01,2012-06-07,1
b#1392,room#2783,2012-06-01,2012-06-07,2
b#1393,room#2785,2012-06-01,2012-06-07,1
b#1394,room#2787,2012-06-01,2012-06-07,2
b#1395,room#2789,2012-06-01,2012-06-07,1
b#1396,room#2791,2012-06-01,2012-06-07,2
b#1397,room#2793,2012-06-01,2012-06-07,1
b#1398,room#2795,2012-06-01,2012-06-07,2
b#1399,room#2797,2012-06-01,2012-06-07,1
b#1400,room#2799,2012-06-01,2012-06-07,2
b#1401,room#2801,2012-06-01,2012-06-07,1
b#1402,room#2803,2012-06-01,2012-06-07,2
b#1403,room#2805,2012-06-01,2012-06-07,1
b#1404,room#2807,2012-06-01,2012-06-07,2
b#1405,room#2809,2012-06-01,2012-06-07,1
b#1406,room#2811,2012-06-01,2012-06-07,2
b#1407,room#2813,2012-06-01,2012-06-07,1
b#1408,room#2815,2012-06-01,2012-06-07,2
b#1409,room#2817,2012-06-01,2012-06-07,1
b#1410,room#2819,2012-06-01,2012-06-07,2
b#1411,room#2821,2012-06-01,2012-06-07,1
b#1412,room#2823,2012-06-01,2012-06-07,2
b#1413,room#2825,2012-06-01,2012-06-07,1
b#1414,room#2827,2012-06-01,2012-06-07,2
b#1415,room#2829,2012-06-01,2012-06-07,1
b#1416,room#2831,2012-06-01,2012-06-07,2
b#1417,room#2833,2012-06-01,2012-06-07,1
b#1418,room#2835,2012-06-01,2012-06-07,2
b#1419,room#2837,2012-06-01,2012-06-07,1
b#1420,room#2839,2012-06-01,2012-06-07,2
b#1421,room#2841,2012-06-01,2012-06-07,1
b#1422,room#2843,2012-06-01,2012-06-07,2
b#1423,room#2845,2012-06-01,2012-06-07,1
b#1424,room#2847,2012-06-01,2012-06-07,2
b#1425,room#2849,2012-06-01,2012-06-07,1
b#1426,room#2851,2012-06-01,2012-06-07,2
b#1427,room#2853,2012-06-01,2012-06-07,1
b#1428,room#2855,2012-06-01,2012-06-07,2
b#1429,room#2857,2012-06-01,2012-06-07,1
b#1430,room#2859,2012-06-01,2012-06-07,2
b#1431,room#2861,2012-06-01,2012-06-07,1
b#1432,room#2863,2012-06-01,2012-06-07,2
b#1433,room#2865,2012-06-01,2012-06-07,1
b#1434,room#2867,2012-06-01,2012-06-07,2
b#1435,room#2869,2012-06-01,2012-06-07,1
b#1436,room#2871,2012-06-01,2012-06-07,2
b#1437,room#2873,2012-06-01,2012-06-07,1
b#1438,room#2875,2012-06-01,2012-06-07,2
b#1439,room#2877,2012-06-01,2012-06-07,1
b#1440,room#2879,2012-06-01,2012-06-07,2
b#1441,room#2881,2012-06-01,2012-06-07,1
b#1442,room#2883,2012-06-01,2012-06-07,2
b#1443,room#2885,2012-06-01,2012-06-07,1
b#1444,room#2887,2012-06-01,2012-06-07,2
b#1445,room#2889,2012-06-01,2012-06-07,1
b#1446,room#2891,2012-06-01,2012-06-07,2
b#1447,room#2893,2012-06-01,2012-06-07,1
b#1448,room#2895,2012-06-01,2012-06-07,2
b#1449,room#2897,2012-06-01,2012-06-07,1
b#1450,room#2899,2012-06-01,2012-06-07,2
b#1451,room#2901,2012-06-01,2012-06-07,1
b#1452,room#2903,2012-06-01,2012-06-07,2
b#1453,room#2905,2012-06-01,2012-06-07,1
b#1454,room#2907,2012-06-01,2012-06-07,2
b#1455,room#2909,2012-06-01,2012-06-07,1
b#1456,room#2911,2012-06-01,2012-06-07,2
b#1457,room#2913,2012-06-01,2012-06-07,1
b#1458,room#2915,2012-06-01,2012-06-07,2
b#1459,room#2917,2012-06-01,2012-06-07,1
b#1460,room#2919,2012-06-01,2012-06-07,2
b#1461,room#2921,2012-06-01,2012-06-07,1
b#1462,room#2923,2012-06-01,2012-06-07,2
b#1463,room#2925,2012-06-01,2012-06-07,1
b#1464,room#2927,2012-06-01,2012-06-07,2
b#1465,room#2929,2012-06-01,2012-06-07,1
b#1466,room#2931,2012-06-01,2012-06-07,2
b#1467,room#2933,2012-06-01,2012-06-07,1
b#1468,room#2935,2012-06-01,2012-06-07,2
b#1469,room#2937,2012-06-01,2012-06-07,1
b#1470,room#2939,2012-06-01,2012-06-07,2
b#1471,room#2941,2012-06-01,2012-06-07,1
b#1472,room#2943,2012-06-01,2012-06-07,2
b#1473,room#2945,2012-06-01,2012-06-07,1
b#1474,room#2947,2012-06-01,2012-06-07,2
b#1475,room#2949,2012-06-01,2012-06-07,1
b#1476,room#2951,2012-06-01,2012-06-07,2
b#1477,room#2953,2012-06-01,2012-06-07,1
b#1478,room#2955,2012-06-01,2012-06-07,2
b#1479,room#2957,2012-06-01,2012-06-07,1
b#1480,room#2959,2012-06-01,2012-06-07,2
b#1481,room#2961,2012-06-01,2012-06-07,1
b#1482,room#2963,2012-06-01,2012-06-07,2
b#1483,room#2965,2012-06-01,2012-06-07,1
b#1484,room#2967,2012-06-01,2012-06-07,2
b#1485,room#2969,2012-06-01,2012-06-07,1
b#1486,room#2971,2012-06-01,2012-06-07,2
b#1487,room#2973,2012-06-01,2012-06-07,1
b#1488,room#2975,2012-06-01,2012-06-07,2
b#1489,room#2977,2012-06-01,2012-06-07,1
b#1490,room#2979,2012-06-01,2012-06-07,2
b#1491,room#2981,2012-06-01,2012-06-07,1
b#1492,room#2983,2012-06-01,2012-06-07,2
b#1493,room#2985,2012-06-01,2012-06-07,1
b#1494,room#2987,2012-06-01,2012-06-07,2
b#1495,room#2989,2012-06-01,2012-06-07,1
b#1496,room#2991,2012-06-01,2012-06-07,2
b#1497,room#2993,2012-06-01,2012-06-07,1
b#1498,room#2995,2012-06-01,2012-06-07,2
b#1499,room#2997,2012-06-01,2012-06-07,1
b#1500,room#2999,2012-06-01,2012-06-07,2
b#1501,room#3001,2012-06-01,2012-06-07,1
b#1502,room#3003,2012-06-01,2012-06-07,2
b#1503,room#3005,2012-06-01,2012-06-07,1
b#1504,room#3007,2012-06-01,2012-06-07,2
b#1505,room#3009,2012-06-01,2012-06-07,1
b#1506,room#3011,2012-06-01,2012-06-07,2
b#1507,room#3013,2012-06-01,2012-06-07,1
b#1508,room#3015,2012-06-01,2012-06-07,2
b#1509,room#3017,2012-06-01,2012-06-07,1
b#1510,room#3019,2012-06-01,2012-06-07,2
b#1511,room#3021,2012-06-01,2012-06-07,1
b#1512,room#3023,2012-06-01,2012-06-07,2
b#1513,room#3025,2012-06-01,2012-06-07,1
b#1514,room#3027,2012-06-01,2012-06-07,2
b#1515,room#3029,2012-06-01,2012-06-07,1
b#1516,room#3031,2012-06-01,2012-06-07,2
b#1517,room#3033,2012-06-01,2012-06-07,1
b#1518,room#3035,2012-06-01,2012-06-07,2
b#1519,room#3037,2012-06-01,2012-06-07,1
b#1520,room#3039,2012-06-01,2012-06-07,2
b#1521,room#3041,2012-06-01,2012-06-07,1
b#1522,room#3043,2012-06-01,2012-06-07,2
b#1523,room#3045,2012-06-01,2012-06-07,1
b#1524,room#3047,2012-06-01,2012-06-07,2
b#1525,room#3049,2012-06-01,2012-06-07,1
b#1526,room#3051,2012-06-01,2012-06-07,2
b#1527,room#3053,2012-06-01,2012-06-07,1
b#1528,room#3055,2012-06-01,2012-06-07,2
b#1529,room#3057,2012-06-01,2012-06-07,1
b#1530,room#3059,2012-06-01,2012-06-07,2
b#1531,room#3061,2012-06-01,2012-06-07,1
b#1532,room#3063,2012-06-01,2012-06-07,2
b#1533,room#3065,2012-06-01,2012-06-07,1
b#1534,room#3067,2012-06-01,2012-06-07,2
b#1535,room#3069,2012-06-01,2012-06-07,1
b#1536,room#3071,2012-06-01,2012-06-07,2
b#1537,room#3073,2012-06-01,2012-06-07,1
b#1538,room#3075,2012-06-01,2012-06-07,2
b#1539,room#3077,2012-06-01,2012-06-07,1
b#1540,room#3079,2012-06-01,2012-06-07,2
b#1541,room#3081,2012-06-01,2012-06-07,1
b#1542,room#3083,2012-06-01,2012-06-07,2
b#1543,room#3085,2012-06-01,2012-06-07,1
b#1544,room#3087,2012-06-01,2012-06-07,2
b#1545,room#3089,2012-06-01,2012-06-07,1
b#1546,room#3091,2012-06-01,2012-06-07,2
b#1547,room#3093,2012-06-01,2012-06-07,1
b#1548,room#3095,2012-06-01,2012-06-07,2
b#1549,room#3097,2012-06-01,2012-06-07,1
b#1550,room#3099,2012-06-01,2012-06-07,2
b#1551,room#3101,2012-06-01,2012-06-07,1
b#1552,room#3103,2012-06-01,2012-06-07,2
b#1553,room#3105,2012-06-01,2012-06-07,1
b#1554,room#3107,2012-06-01,2012-06-07,2
b#1555,room#3109,2012-06-01,2012-06-07,1
b#1556,room#3111,2012-06-01,2012-06-07,2
b#1557,room#3113,2012-06-01,2012-06-07,1
b#1558,room#3115,2012-06-01,2012-06-07,2
b#1559,room#3117,2012-06-01,2012-06-07,1
b#1560,room#3119,2012-06-01,2012-06-07,2
b#1561,room#3121,2012-06-01,2012-06-07,1
b#1562,room#3123,2012-06-01,2012-06-07,2
b#1563,room#3125,2012-06-01,2012-06-07,1
b#1564,room#3127,2012-06-01,2012-06-07,2
b#1565,room#3129,2012-06-01,2012-06-07,1
b#1566,room#3131,2012-06-01,2012-06-07,2
b#1567,room#3133,2012-06-01,2012-06-07,1
b#1568,room#3135,2012-06-01,2012-06-07,2
b#1569,room#3137,2012-06-01,2012-06-07,1
b#1570,room#3139,2012-06-01,2012-06-07,2
b#1571,room#3141,2012-06-01,2012-06-07,1
b#1572,room#3143,2012-06-01,2012-06-07,2
b#1573,room#3145,2012-06-01,2012-06-07,1
b#1574,room#3147,2012-06-01,2012-06-07,2
b#1575,room#3149,2012-06-01,2012-06-07,1
b#1576,room#3151,2012-06-01,2012-06-07,2
b#1577,room#3153,2012-06-01,2012-06-07,1
b#1578,room#3155,2012-06-01,2012-06-07,2
b#1579,room#3157,2012-06-01,2012-06-07,1
b#1580,room#3159,2012-06-01,2012-06-07,2
b#1581,room#3161,2012-06-01,2012-06-07,1
b#1582,room#3163,2012-06-01,2012-06-07,2
b#1583,room#3165,2012-06-01,2012-06-07,1
b#1584,room#3167,2012-06-01,2012-06-07,2
b#1585,room#3169,2012-06-01,2012-06-07,1
b#1586,room#3171,2012-06-01,2012-06-07,2
b#1587,room#3173,2012-06-01,2012-06-07,1
b#1588,room#3175,2012-06-01,2012-06-07,2
b#1589,room#3177,2012-06-01,2012-06-07,1
b#1590,room#3179,2012-06-01,2012-06-07,2
b#1591,room#3181,2012-06-01,2012-06-07,1
b#1592,room#3183,2012-06-01,2012-06-07,2
b#1593,room#3185,2012-06-01,2012-06-07,1
b#1594,room#3187,2012-06-01,2012-06-07,2
b#1595,room#3189,2012-06-01,2012-06-07,1
b#1596,room#3191,2012-06-01,2012-06-07,2
b#1597,room#3193,2012-06-01,2012-06-07,1
b#1598,room#3195,2012-06-01,2012-06-07,2
b#1599,room#3197,2012-06-01,2012-06-07,1
b#1600,room#3199,2012-06-01,2012-06-07,2
b#1601,room#3201,2012-06-01,2012-06-07,1
b#1602,room#3203,2012-06-01,2012-06-07,2
b#1603,room#3205,2012-06-01,2012-06-07,1
b#1604,room#3207,2012-06-01,2012-06-07,2
b#1605,room#3209,2012-06-01,2012-06-07,1
b#1606,room#3211,2012-06-01,2012-06-07,2
b#1607,room#3213,2012-06-01,2012-06-07,1
b#1608,room#3215,2012-06-01,2012-06-07,2
b#1609,room#3217,2012-06-01,2012-06-07,1
b#1610,room#3219,2012-06-01,2012-06-07,2
b#1611,room#3221,2012-06-01,2012-06-07,1
b#1612,room#3223,2012-06-01,2012-06-07,2
b#1613,room#3225,2012-06-01,2012-06-07,1
b#1614,room#3227,2012-06-01,2012-06-07,2
b#1615,room#3229,2012-06-01,2012-06-07,1
b#1616,room#3231,2012-06-01,2012-06-07,2
b#1617,room#3233,2012-06-01,2012-06-07,1
b#1618,room#3235,2012-06-01,2012-06-07,2
b#1619,room#3237,2012-06-01,2012-06-07,1
b#1620,room#3239,2012-06-01,2012-06-07,2
b#1621,room#3241,2012-06-01,2012-06-07,1
b#1622,room#3243,2012-06-01,2012-06-07,2
b#1623,room#3245,2012-06-01,2012-06-07,1
b#1624,room#3247,2012-06-01,2012-06-07,2
b#1625,room#3249,2012-06-01,2012-06-07,1
b#1626,room#3251,2012-06-01,2012-06-07,2
b#1627,room#3253,2012-06-01,2012-06-07,1
b#1628,room#3255,2012-06-01,2012-06-07,2
b#1629,room#3257,2012-06-01,2012-06-07,1
b#1630,room#3259,2012-06-01,2012-06-07,2
b#1631,room#3261,2012-06-01,2012-06-07,1
b#1632,room#3263,2012-06-01,2012-06-07,2
b#1633,room#3265,2012-06-01,2012-06-07,1
b#1634,room#3267,2012-06-01,2012-06-07,2
b#1635,room#3269,2012-06-01,2012-06-07,1
b#1636,room#3271,2012-06-01,2012-06-07,2
b#1637,room#3273,2012-06-01,2012-06-07,1
b#1638,room#3275,2012-06-01,2012-06-07,2
b#1639,room#3277,2012-06-01,2012-06-07,1
b#1640,room#3279,2012-06-01,2012-06-07,2
b#1641,room#3281,2012-06-01,2012-06-07,1
b#1642,room#3283,2012-06-01,2012-06-07,2
b#1643,room#3285,2012-06-01,2012-06-07,1
b#1644,room#3287,2012-06-01,2012-06-07,2
b#1645,room#3289,2012-06-01,2012-06-07,1
b#1646,room#3291,2012-06-01,2012-06-07,2
b#1647,room#3293,2012-06-01,2012-06-07,1
b#1648,room#3295,2012-06-01,2012-06-07,2
b#1649,room#3297,2012-06-01,2012-06-07,1
b#1650,room#3299,2012-06-01,2012-06-07,2
b#1651,room#3301,2012-06-01,2012-06-07,1
b#1652,room#3303,2012-06-01,2012-06-07,2
b#1653,room#3305,2012-06-01,2012-06-07,1
b#1654,room#3307,2012-06-01,2012-06-07,2
b#1655,room#3309,2012-06-01,2012-06-07,1
b#1656,room#3311,2012-06-01,2012-06-07,2
b#1657,room#3313,2012-06-01,2012-06-07,1
b#1658,room#3315,2012-06-01,2012-06-07,2
b#1659,room#3317,2012-06-01,2012-06-07,1
b#1660,room#3319,2012-06-01,2012-06-07,2
b#1661,room#3321,2012-06-01,2012-06-07,1
b#1662,room#3323,2012-06-01,2012-06-07,2
b#1663,room#3325,2012-06-01,2012-06-07,1
b#1664,room#3327,2012-06-01,2012-06-07,2
b#1665,room#3329,2012-06-01,2012-06-07,1
b#1666,room#3331,2012-06-01,2012-06-07,2
b#1667,room#3333,2012-06-01,2012-06-07,1
b#1668,room#3335,2012-06-01,2012-06-07,2
b#1669,room#3337,2012-06-01,2012-06-07,1
b#1670,room#3339,2012-06-01,2012-06-07,2
b#1671,room#3341,2012-06-01,2012-06-07,1
b#1672,room#3343,2012-06-01,2012-06-07,2
b#1673,room#3345,2012-06-01,2012-06-07,1
b#1674,room#3347,2012-06-01,2012-06-07,2
b#1675,room#3349,2012-06-01,2012-06-07,1
b#1676,room#3351,2012-06-01,2012-06-07,2
b#1677,room#3353,2012-06-01,2012-06-07,1
b#1678,room#3355,2012-06-01,2012-06-07,2
b#1679,room#3357,2012-06-01,2012-06-07,1
b#1680,room#3359,2012-06-01,2012-06-07,2
b#1681,room#3361,2012-06-01,2012-06-07,1
b#1682,room#3363,2012-06-01,2012-06-07,2
b#1683,room#3365,2012-06-01,2012-06-07,1
b#1684,room#3367,2012-06-01,2012-06-07,2
b#1685,room#3369,2012-06-01,2012-06-07,1
b#1686,room#3371,2012-06-01,2012-06-07,2
b#1687,room#3373,2012-06-01,2012-06-07,1
b#1688,room#3375,2012-06-01,2012-06-07,2
b#1689,room#3377,2012-06-01,2012-06-07,1
b#1690,room#3379,2012-06-01,2012-06-07,2
b#1691,room#3381,2012-06-01,2012-06-07,1
b#1692,room#3383,2012-06-01,2012-06-07,2
b#1693,room#3385,2012-06-01,2012-06-07,1
b#1694,room#3387,2012-06-01,2012-06-07,2
b#1695,room#3389,2012-06-01,2012-06-07,1
b#1696,room#3391,2012-06-01,2012-06-07,2
b#1697,room#3393,2012-06-01,2012-06-07,1
b#1698,room#3395,2012-06-01,2012-06-07,2
b#1699,room#3397,2012-06-01,2012-06-07,1
b#1700,room#3399,2012-06-01,2012-06-07,2
b#1701,room#3401,2012-06-01,2012-06-07,1
b#1702,room#3403,2012-06-01,2012-06-07,2
b#1703,room#3405,2012-06-01,2012-06-07,1
b#1704,room#3407,2012-06-01,2012-06-07,2
b#1705,room#3409,2012-06-01,2012-06-07,1
b#1706,room#3411,2012-06-01,2012-06-07,2
b#1707,room#3413,2012-06-01,2012-06-07,1
b#1708,room#3415,2012-06-01,2012-06-07,2
b#1709,room#3417,2012-06-01,2012-06-07,1
b#1710,room#3419,2012-06-01,2012-06-07,2
b#1711,room#3421,2012-06-01,2012-06-07,1
b#1712,room#3423,2012-06-01,2012-06-07,2
b#1713,room#3425,2012-06-01,2012-06-07,1
b#1714,room#3427,2012-06-01,2012-06-07,2
b#1715,room#3429,2012-06-01,2012-06-07,1
b#1716,room#3431,2012-06-01,2012-06-07,2
b#1717,room#3433,2012-06-01,2012-06-07,1
b#1718,room#3435,2012-06-01,2012-06-07,2
b#1719,room#3437,2012-06-01,2012-06-07,1
b#1720,room#3439,2012-06-01,2012-06-07,2
b#1721,room#3441,2012-06-01,2012-06-07,1
b#1722,room#3443,2012-06-01,2012-06-07,2
b#1723,room#3445,2012-06-01,2012-06-07,1
b#1724,room#3447,2012-06-01,2012-06-07,2
b#1725,room#3449,2012-06-01,2012-06-07,1
b#1726,room#3451,2012-06-01,2012-06-07,2
b#1727,room#3453,2012-06-01,2012-06-07,1
b#1728,room#3455,2012-06-01,2012-06-07,2
b#1729,room#3457,2012-06-01,2012-06-07,1
b#1730,room#3459,2012-06-01,2012-06-07,2
b#1731,room#3461,2012-06-01,2012-06-07,1
b#1732,room#3463,2012-06-01,2012-06-07,2
b#1733,room#3465,2012-06-01,2012-06-07,1
b#1734,room#3467,2012-06-01,2012-06-07,2
b#1735,room#3469,2012-06-01,2012-06-07,1
b#1736,room#3471,2012-06-01,2012-06-07,2
b#1737,room#3473,2012-06-01,2012-06-07,1
b#1738,room#3475,2012-06-01,2012-06-07,2
b#1739,room#3477,2012-06-01,2012-06-07,1
b#1740,room#3479,2012-06-01,2012-06-07,2
b#1741,room#3481,2012-06-01,2012-06-07,1
b#1742,room#3483,2012-06-01,2012-06-07,2
b#1743,room#3485,2012-06-01,2012-06-07,1
b#1744,room#3487,2012-06-01,2012-06-07,2
b#1745,room#3489,2012-06-01,2012-06-07,1
b#1746,room#3491,2012-06-01,2012-06-07,2
b#1747,room#3493,2012-06-01,2012-06-07,1
b#1748,room#3495,2012-06-01,2012-06-07,2
b#1749,room#3497,2012-06-01,2012-06-07,1
b#1750,room#3499,2012-06-01,2012-06-07,2
b#1751,room#3501,2012-06-01,2012-06-07,1
b#1752,room#3503,2012-06-01,2012-06-07,2
b#1753,room#3505,2012-06-01,2012-06-07,1
b#1754,room#3507,2012-06-01,2012-06-07,2
b#1755,room#3509,2012-06-01,2012-06-07,1
b#1756,room#3511,2012-06-01,2012-06-07,2
b#1757,room#3513,2012-06-01,2012-06-07,1
b#1758,room#3515,2012-06-01,2012-06-07,2
b#1759,room#3517,2012-06-01,2012-06-07,1
b#1760,room#3519,2012-06-01,2012-06-07,2
b#1761,room#3521,2012-06-01,2012-06-07,1
b#1762,room#3523,2012-06-01,2012-06-07,2
b#1763,room#3525,2012-06-01,2012-06-07,1
b#1764,room#3527,2012-06-01,2012-06-07,2
b#1765,room#3529,2012-06-01,2012-06-07,1
b#1766,room#3531,2012-06-01,2012-06-07,2
b#1767,room#3533,2012-06-01,2012-06-07,1
b#1768,room#3535,2012-06-01,2012-06-07,2
b#1769,room#3537,2012-06-01,2012-06-07,1
b#1770,room#3539,2012-06-01,2012-06-07,2
b#1771,room#3541,2012-06-01,2012-06-07,1
b#1772,room#3543,2012-06-01,2012-06-07,2
b#1773,room#3545,2012-06-01,2012-06-07,1
b#1774,room#3547,2012-06-01,2012-06-07,2
b#1775,room#3549,2012-06-01,2012-06-07,1
b#1776,room#3551,2012-06-01,2012-06-07,2
b#1777,room#3553,2012-06-01,2012-06-07,1
b#1778,room#3555,2012-06-01,2012-06-07,2
b#1779,room#3557,2012-06-01,2012-06-07,1
b#1780,room#3559,2012-06-01,2012-06-07,2
b#1781,room#3561,2012-06-01,2012-06-07,1
b#1782,room#3563,2012-06-01,2012-06-07,2
b#1783,room#3565,2012-06-01,2012-06-07,1
b#1784,room#3567,2012-06-01,2012-06-07,2
b#1785,room#3569,2012-06-01,2012-06-07,1
b#1786,room#3571,2012-06-01,2012-06-07,2
b#1787,room#3573,2012-06-01,2012-06-07,1
b#1788,room#3575,2012-06-01,2012-06-07,2
b#1789,room#3577,2012-06-01,2012-06-07,1
b#1790,room#3579,2012-06-01,2012-06-07,2
b#1791,room#3581,2012-06-01,2012-06-07,1
b#1792,room#3583,2012-06-01,2012-06-07,2
b#1793,room#3585,2012-06-01,2012-06-07,1
b#1794,room#3587,2012-06-01,2012-06-07,2
b#1795,room#3589,2012-06-01,2012-06-07,1
b#1796,room#3591,2012-06-01,2012-06-07,2
b#1797,room#3593,2012-06-01,2012-06-07,1
b#1798,room#3595,2012-06-01,2012-06-07,2
b#1799,room#3597,2012-06-01,2012-06-07,1
b#1800,room#3599,2012-06-01,2012-06-07,2
b#1801,room#3601,2012-06-01,2012-06-07,1
b#1802,room#3603,2012-06-01,2012-06-07,2
b#1803,room#3605,2012-06-01,2012-06-07,1
b#1804,room#3607,2012-06-01,2012-06-07,2
b#1805,room#3609,2012-06-01,2012-06-07,1
b#1806,room#3611,2012-06-01,2012-06-07,2
b#1807,room#3613,2012-06-01,2012-06-07,1
b#1808,room#3615,2012-06-01,2012-06-07,2
b#1809,room#3617,2012-06-01,2012-06-07,1
b#1810,room#3619,2012-06-01,2012-06-07,2
b#1811,room#3621,2012-06-01,2012-06-07,1
b#1812,room#3623,2012-06-01,2012-06-07,2
b#1813,room#3625,2012-06-01,2012-06-07,1
b#1814,room#3627,2012-06-01,2012-06-07,2
b#1815,room#3629,2012-06-01,2012-06-07,1
b#1816,room#3631,2012-06-01,2012-06-07,2
b#1817,room#3633,2012-06-01,2012-06-07,1
b#1818,room#3635,2012-06-01,2012-06-07,2
b#1819,room#3637,2012-06-01,2012-06-07,1
b#1820,room#3639,2012-06-01,2012-06-07,2
b#1821,room#3641,2012-06-01,2012-06-07,1
b#1822,room#3643,2012-06-01,2012-06-07,2
b#1823,room#3645,2012-06-01,2012-06-07,1
b#1824,room#3647,2012-06-01,2012-06-07,2
b#1825,room#3649,2012-06-01,2012-06-07,1
b#1826,room#3651,2012-06-01,2012-06-07,2
b#1827,room#3653,2012-06-01,2012-06-07,1
b#1828,room#3655,2012-06-01,2012-06-07,2
b#1829,room#3657,2012-06-01,2012-06-07,1
b#1830,room#3659,2012-06-01,2012-06-07,2
b#1831,room#3661,2012-06-01,2012-06-07,1
b#1832,room#3663,2012-06-01,2012-06-07,2
b#1833,room#3665,2012-06-01,2012-06-07,1
b#1834,room#3667,2012-06-01,2012-06-07,2
b#1835,room#3669,2012-06-01,2012-06-07,1
b#1836,room#3671,2012-06-01,2012-06-07,2
b#1837,room#3673,2012-06-01,2012-06-07,1
b#1838,room#3675,2012-06-01,2012-06-07,2
b#1839,room#3677,2012-06-01,2012-06-07,1
b#1840,room#3679,2012-06-01,2012-06-07,2
b#1841,room#3681,2012-06-01,2012-06-07,1
b#1842,room#3683,2012-06-01,2012-06-07,2
b#1843,room#3685,2012-06-01,2012-06-07,1
b#1844,room#3687,2012-06-01,2012-06-07,2
b#1845,room#3689,2012-06-01,2012-06-07,1
b#1846,room#3691,2012-06-01,2012-06-07,2
b#1847,room#3693,2012-06-01,2012-06-07,1
b#1848,room#3695,2012-06-01,2012-06-07,2
b#1849,room#3697,2012-06-01,2012-06-07,1
b#1850,room#3699,2012-06-01,2012-06-07,2
b#1851,room#3701,2012-06-01,2012-06-07,1
b#1852,room#3703,2012-06-01,2012-06-07,2
b#1853,room#3705,2012-06-01,2012-06-07,1
b#1854,room#3707,2012-06-01,2012-06-07,2
b#1855,room#3709,2012-06-01,2012-06-07,1
b#1856,room#3711,2012-06-01,2012-06-07,2
b#1857,room#3713,2012-06-01,2012-06-07,1
b#1858,room#3715,2012-06-01,2012-06-07,2
b#1859,room#3717,2012-06-01,2012-06-07,1
b#1860,room#3719,2012-06-01,2012-06-07,2
b#1861,room#3721,2012-06-01,2012-06-07,1
b#1862,room#3723,2012-06-01,2012-06-07,2
b#1863,room#3725,2012-06-01,2012-06-07,1
b#1864,room#3727,2012-06-01,2012-06-07,2
b#1865,room#3729,2012-06-01,2012-06-07,1
b#1866,room#3731,2012-06-01,2012-06-07,2
b#1867,room#3733,2012-06-01,2012-06-07,1
b#1868,room#3735,2012-06-01,2012-06-07,2
b#1869,room#3737,2012-06-01,2012-06-07,1
b#1870,room#3739,2012-06-01,2012-06-07,2
b#1871,room#3741,2012-06-01,2012-06-07,1
b#1872,room#3743,2012-06-01,2012-06-07,2
b#1873,room#3745,2012-06-01,2012-06-07,1
b#1874,room#3747,2012-06-01,2012-06-07,2
b#1875,room#3749,2012-06-01,2012-06-07,1
b#1876,room#3751,2012-06-01,2012-06-07,2
b#1877,room#3753,2012-06-01,2012-06-07,1
b#1878,room#3755,2012-06-01,2012-06-07,2
b#1879,room#3757,2012-06-01,2012-06-07,1
b#1880,room#3759,2012-06-01,2012-06-07,2
b#1881,room#3761,2012-06-01,2012-06-07,1
b#1882,room#3763,2012-06-01,2012-06-07,2
b#1883,room#3765,2012-06-01,2012-06-07,1
b#1884,room#3767,2012-06-01,2012-06-07,2
b#1885,room#3769,2012-06-01,2012-06-07,1
b#1886,room#3771,2012-06-01,2012-06-07,2
b#1887,room#3773,2012-06-01,2012-06-07,1
b#1888,room#3775,2012-06-01,2012-06-07,2
b#1889,room#3777,2012-06-01,2012-06-07,1
b#1890,room#3779,2012-06-01,2012-06-07,2
b#1891,room#3781,2012-06-01,2012-06-07,1
b#1892,room#3783,2012-06-01,2012-06-07,2
b#1893,room#3785,2012-06-01,2012-06-07,1
b#1894,room#3787,2012-06-01,2012-06-07,2
b#1895,room#3789,2012-06-01,2012-06-07,1
b#1896,room#3791,2012-06-01,2012-06-07,2
b#1897,room#3793,2012-06-01,2012-06-07,1
b#1898,room#3795,2012-06-01,2012-06-07,2
b#1899,room#3797,2012-06-01,2012-06-07,1
b#1900,room#3799,2012-06-01,2012-06-07,2
b#1901,room#3801,2012-06-01,2012-06-07,1
b#1902,room#3803,2012-06-01,2012-06-07,2
b#1903,room#3805,2012-06-01,2012-06-07,1
b#1904,room#3807,2012-06-01,2012-06-07,2
b#1905,room#3809,2012-06-01,2012-06-07,1
b#1906,room#3811,2012-06-01,2012-06-07,2
b#1907,room#3813,2012-06-01,2012-06-07,1
b#1908,room#3815,2012-06-01,2012-06-07,2
b#1909,room#3817,2012-06-01,2012-06-07,1
b#1910,room#3819,2012-06-01,2012-06-07,2
b#1911,room#3821,2012-06-01,2012-06-07,1
b#1912,room#3823,2012-06-01,2012-06-07,2
b#1913,room#3825,2012-06-01,2012-06-07,1
b#1914,room#3827,2012-06-01,2012-06-07,2
b#1915,room#3829,2012-06-01,2012-06-07,1
b#1916,room#3831,2012-06-01,2012-06-07,2
b#1917,room#3833,2012-06-01,2012-06-07,1
b#1918,room#3835,2012-06-01,2012-06-07,2
b#1919,room#3837,2012-06-01,2012-06-07,1
b#1920,room#3839,2012-06-01,2012-06-07,2
b#1921,room#3841,2012-06-01,2012-06-07,1
b#1922,room#3843,2012-06-01,2012-06-07,2
b#1923,room#3845,2012-06-01,2012-06-07,1
b#1924,room#3847,2012-06-01,2012-06-07,2
b#1925,room#3849,2012-06-01,2012-06-07,1
b#1926,room#3851,2012-06-01,2012-06-07,2
b#1927,room#3853,2012-06-01,2012-06-07,1
b#1928,room#3855,2012-06-01,2012-06-07,2
b#1929,room#3857,2012-06-01,2012-06-07,1
b#1930,room#3859,2012-06-01,2012-06-07,2
b#1931,room#3861,2012-06-01,2012-06-07,1
b#1932,room#3863,2012-06-01,2012-06-07,2
b#1933,room#3865,2012-06-01,2012-06-07,1
b#1934,room#3867,2012-06-01,2012-06-07,2
b#1935,room#3869,2012-06-01,2012-06-07,1
b#1936,room#3871,2012-06-01,2012-06-07,2
b#1937,room#3873,2012-06-01,2012-06-07,1
b#1938,room#3875,2012-06-01,2012-06-07,2
b#1939,room#3877,2012-06-01,2012-06-07,1
b#1940,room#3879,2012-06-01,2012-06-07,2
b#1941,room#3881,2012-06-01,2012-06-07,1
b#1942,room#3883,2012-06-01,2012-06-07,2
b#1943,room#3885,2012-06-01,2012-06-07,1
b#1944,room#3887,2012-06-01,2012-06-07,2
b#1945,room#3889,2012-06-01,2012-06-07,1
b#1946,room#3891,2012-06-01,2012-06-07,2
b#1947,room#3893,2012-06-01,2012-06-07,1
b#1948,room#3895,2012-06-01,2012-06-07,2
b#1949,room#3897,2012-06-01,2012-06-07,1
b#1950,room#3899,2012-06-01,2012-06-07,2
b#1951,room#3901,2012-06-01,2012-06-07,1
b#1952,room#3903,2012-06-01,2012-06-07,2
b#1953,room#3905,2012-06-01,2012-06-07,1
b#1954,room#3907,2012-06-01,2012-06-07,2
b#1955,room#3909,2012-06-01,2012-06-07,1
b#1956,room#3911,2012-06-01,2012-06-07,2
b#1957,room#3913,2012-06-01,2012-06-07,1
b#1958,room#3915,2012-06-01,2012-06-07,2
b#1959,room#3917,2012-06-01,2012-06-07,1
b#1960,room#3919,2012-06-01,2012-06-07,2
b#1961,room#3921,2012-06-01,2012-06-07,1
b#1962,room#3923,2012-06-01,2012-06-07,2
b#1963,room#3925,2012-06-01,2012-06-07,1
b#1964,room#3927,2012-06-01,2012-06-07,2
b#1965,room#3929,2012-06-01,2012-06-07,1
b#1966,room#3931,2012-06-01,2012-06-07,2
b#1967,room#3933,2012-06-01,2012-06-07,1
b#1968,room#3935,2012-06-01,2012-06-07,2
b#1969,room#3937,2012-06-01,2012-06-07,1
b#1970,room#3939,2012-06-01,2012-06-07,2
b#1971,room#3941,2012-06-01,2012-06-07,1
b#1972,room#3943,2012-06-01,2012-06-07,2
b#1973,room#3945,2012-06-01,2012-06-07,1
b#1974,room#3947,2012-06-01,2012-06-07,2
b#1975,room#3949,2012-06-01,2012-06-07,1
b#1976,room#3951,2012-06-01,2012-06-07,2
b#1977,room#3953,2012-06-01,2012-06-07,1
b#1978,room#3955,2012-06-01,2012-06-07,2
b#1979,room#3957,2012-06-01,2012-06-07,1
b#1980,room#3959,2012-06-01,2012-06-07,2
b#1981,room#3961,2012-06-01,2012-06-07,1
b#1982,room#3963,2012-06-01,2012-06-07,2
b#1983,room#3965,2012-06-01,2012-06-07,1
b#1984,room#3967,2012-06-01,2012-06-07,2
b#1985,room#3969,2012-06-01,2012-06-07,1
b#1986,room#3971,2012-06-01,2012-06-07,2
b#1987,room#3973,2012-06-01,2012-06-07,1
b#1988,room#3975,2012-06-01,2012-06-07,2
b#1989,room#3977,2012-06-01,2012-06-07,1
b#1990,room#3979,2012-06-01,2012-06-07,2
b#1991,room#3981,2012-06-01,2012-06-07,1
b#1992,room#3983,2012-06-01,2012-06-07,2
b#1993,room#3985,2012-06-01,2012-06-07,1
b#1994,room#3987,2012-06-01,2012-06-07,2
b#1995,room#3989,2012-06-01,2012-06-07,1
b#1996,room#3991,2012-06-01,2012-06-07,2
b#1997,room#3993,2012-06-01,2012-06-07,1
b#1998,room#3995,2012-06-01,2012-06-07,2
b#1999,room#3997,2012-06-01,2012-06-07,1
b#2000,room#3999,2012-06-01,2012-06-07,2
